"","Contig","total_PA"
"1","virus_comp_17029_cycle_1",26
"2","virus_comp_13344_cycle_1",23
"3","virus_comp_11357_cycle_1",21
"4","virus_comp_14804_cycle_1",20
"5","virus_comp_15385_cycle_1",20
"6","virus_comp_163_cycle_1",20
"7","virus_comp_16866_cycle_1",20
"8","virus_comp_7868_cycle_1",20
"9","virus_comp_13452_cycle_1",19
"10","virus_comp_14827_cycle_1",19
"11","virus_comp_15170_cycle_1",19
"12","virus_comp_16864_cycle_1",19
"13","virus_comp_169_cycle_1",19
"14","virus_comp_168_cycle_1",17
"15","virus_comp_435_cycle_1",17
"16","virus_comp_164_cycle_1",15
"17","virus_comp_15444_cycle_1",14
"18","edge_1096",14
"19","virus_comp_14805_cycle_1",13
"20","virus_comp_15415_cycle_1",13
"21","virus_comp_271_cycle_1",13
"22","virus_comp_1983_cycle_1",12
"23","virus_comp_269_cycle_1",12
"24","virus_comp_16023_cycle_1",11
"25","virus_comp_16882_cycle_1",11
"26","virus_comp_17079_cycle_1",11
"27","virus_comp_231_cycle_1",11
"28","virus_comp_71_cycle_1",11
"29","virus_comp_8304_cycle_1",11
"30","virus_comp_12435_cycle_1",10
"31","virus_comp_135_cycle_1",10
"32","virus_comp_14862_cycle_1",10
"33","virus_comp_15024_cycle_1",10
"34","virus_comp_15845_cycle_1",10
"35","virus_comp_16522_cycle_1",10
"36","virus_comp_16785_cycle_1",10
"37","virus_comp_22_cycle_1",10
"38","virus_comp_4218_cycle_1",10
"39","virus_comp_69_cycle_1",10
"40","virus_comp_8325_cycle_1",10
"41","edge_449",10
"42","virus_comp_14988_cycle_1",9
"43","virus_comp_15638_cycle_1",9
"44","virus_comp_15851_cycle_1",9
"45","virus_comp_165_cycle_1",9
"46","virus_comp_7297_cycle_1",9
"47","edge_452",9
"48","edge_531",9
"49","virus_comp_1321_cycle_1",8
"50","virus_comp_15325_cycle_1",8
"51","virus_comp_175_cycle_1",8
"52","virus_comp_19_cycle_1",8
"53","virus_comp_233_cycle_1",8
"54","virus_comp_339_cycle_1",8
"55","virus_comp_731_cycle_1",8
"56","virus_comp_16222_cycle_1",7
"57","virus_comp_16622_cycle_1",7
"58","virus_comp_16947_cycle_1",7
"59","virus_comp_170_cycle_1",7
"60","virus_comp_171_cycle_1",7
"61","virus_comp_2872_cycle_1",7
"62","virus_comp_3012_cycle_1",7
"63","virus_comp_374_cycle_1",7
"64","edge_2333",7
"65","edge_644",7
"66","virus_comp_104_cycle_1",6
"67","virus_comp_105_cycle_1",6
"68","virus_comp_1459_cycle_1",6
"69","virus_comp_15520_cycle_1",6
"70","virus_comp_15809_cycle_1",6
"71","virus_comp_1677_cycle_1",6
"72","virus_comp_1694_cycle_1",6
"73","virus_comp_17090_cycle_1",6
"74","virus_comp_17091_cycle_1",6
"75","virus_comp_17093_cycle_1",6
"76","virus_comp_173_cycle_1",6
"77","virus_comp_17347_cycle_1",6
"78","virus_comp_198_cycle_1",6
"79","virus_comp_234_cycle_1",6
"80","virus_comp_253_cycle_3",6
"81","virus_comp_284_cycle_1",6
"82","virus_comp_301_cycle_1",6
"83","virus_comp_623_cycle_1",6
"84","virus_comp_7492_cycle_1",6
"85","virus_comp_7653_cycle_1",6
"86","virus_comp_792_cycle_1",6
"87","virus_comp_795_cycle_1",6
"88","edge_637",6
"89","edge_639",6
"90","virus_comp_11611_cycle_1",5
"91","virus_comp_12592_cycle_1",5
"92","virus_comp_15312_cycle_1",5
"93","virus_comp_15445_cycle_1",5
"94","virus_comp_15882_cycle_1",5
"95","virus_comp_16491_cycle_1",5
"96","virus_comp_1687_cycle_1",5
"97","virus_comp_17098_cycle_1",5
"98","virus_comp_17162_cycle_1",5
"99","virus_comp_172_cycle_1",5
"100","virus_comp_17278_cycle_1",5
"101","virus_comp_17357_cycle_1",5
"102","virus_comp_17570_cycle_1",5
"103","virus_comp_17571_cycle_1",5
"104","virus_comp_1764_cycle_1",5
"105","virus_comp_177_cycle_1",5
"106","virus_comp_17801_cycle_1",5
"107","virus_comp_191_cycle_1",5
"108","virus_comp_270_cycle_1",5
"109","virus_comp_286_cycle_1",5
"110","virus_comp_3628_cycle_1",5
"111","virus_comp_4794_cycle_1",5
"112","virus_comp_896_cycle_1",5
"113","edge_1060",5
"114","edge_640",5
"115","edge_641",5
"116","virus_comp_101_cycle_1",4
"117","virus_comp_103_cycle_1",4
"118","virus_comp_10749_cycle_1",4
"119","virus_comp_1122_cycle_1",4
"120","virus_comp_12088_cycle_1",4
"121","virus_comp_12316_cycle_1",4
"122","virus_comp_12339_cycle_1",4
"123","virus_comp_12590_cycle_1",4
"124","virus_comp_13096_cycle_1",4
"125","virus_comp_1329_cycle_1",4
"126","virus_comp_14573_cycle_1",4
"127","virus_comp_14731_cycle_1",4
"128","virus_comp_14799_cycle_1",4
"129","virus_comp_15340_cycle_1",4
"130","virus_comp_15503_cycle_1",4
"131","virus_comp_15632_cycle_1",4
"132","virus_comp_15743_cycle_1",4
"133","virus_comp_16218_cycle_1",4
"134","virus_comp_16225_cycle_1",4
"135","virus_comp_16235_cycle_1",4
"136","virus_comp_16236_cycle_1",4
"137","virus_comp_16245_cycle_1",4
"138","virus_comp_16293_cycle_1",4
"139","virus_comp_16721_cycle_1",4
"140","virus_comp_16919_cycle_1",4
"141","virus_comp_16987_cycle_1",4
"142","virus_comp_16993_cycle_1",4
"143","virus_comp_17123_cycle_1",4
"144","virus_comp_17175_cycle_1",4
"145","virus_comp_17239_cycle_1",4
"146","virus_comp_17297_cycle_1",4
"147","virus_comp_174_cycle_1",4
"148","virus_comp_17644_cycle_1",4
"149","virus_comp_1765_cycle_1",4
"150","virus_comp_17654_cycle_1",4
"151","virus_comp_17707_cycle_1",4
"152","virus_comp_17747_cycle_1",4
"153","virus_comp_17953_cycle_1",4
"154","virus_comp_18022_cycle_1",4
"155","virus_comp_18078_cycle_1",4
"156","virus_comp_190_cycle_1",4
"157","virus_comp_20_cycle_1",4
"158","virus_comp_2069_cycle_1",4
"159","virus_comp_21_cycle_1",4
"160","virus_comp_2556_cycle_1",4
"161","virus_comp_2763_cycle_1",4
"162","virus_comp_2833_cycle_1",4
"163","virus_comp_285_cycle_1",4
"164","virus_comp_287_cycle_1",4
"165","virus_comp_298_cycle_2",4
"166","virus_comp_348_cycle_1",4
"167","virus_comp_372_cycle_1",4
"168","virus_comp_4080_cycle_1",4
"169","virus_comp_4426_cycle_1",4
"170","virus_comp_4854_cycle_1",4
"171","virus_comp_5092_cycle_1",4
"172","virus_comp_5196_cycle_1",4
"173","virus_comp_5423_cycle_1",4
"174","virus_comp_571_cycle_2",4
"175","virus_comp_708_cycle_1",4
"176","virus_comp_7351_cycle_1",4
"177","virus_comp_7444_cycle_1",4
"178","virus_comp_760_cycle_1",4
"179","virus_comp_774_cycle_1",4
"180","virus_comp_802_cycle_1",4
"181","virus_comp_8642_cycle_1",4
"182","virus_comp_8666_cycle_1",4
"183","virus_comp_8961_cycle_1",4
"184","virus_comp_99_cycle_1",4
"185","edge_1286",4
"186","edge_1304",4
"187","edge_1543",4
"188","edge_2260",4
"189","edge_2297",4
"190","edge_48336",4
"191","virus_comp_10193_cycle_1",3
"192","virus_comp_1049_cycle_1",3
"193","virus_comp_10494_cycle_1",3
"194","virus_comp_10760_cycle_1",3
"195","virus_comp_10876_cycle_1",3
"196","virus_comp_109_cycle_1",3
"197","virus_comp_11118_cycle_1",3
"198","virus_comp_112_cycle_1",3
"199","virus_comp_118_cycle_1",3
"200","virus_comp_12740_cycle_1",3
"201","virus_comp_12997_cycle_1",3
"202","virus_comp_13766_cycle_1",3
"203","virus_comp_13821_cycle_1",3
"204","virus_comp_1400_cycle_1",3
"205","virus_comp_14051_cycle_1",3
"206","virus_comp_14075_cycle_1",3
"207","virus_comp_141_cycle_1",3
"208","virus_comp_14293_cycle_1",3
"209","virus_comp_143_cycle_1",3
"210","virus_comp_14420_cycle_1",3
"211","virus_comp_14482_cycle_1",3
"212","virus_comp_147_cycle_1",3
"213","virus_comp_1474_cycle_1",3
"214","virus_comp_14751_cycle_1",3
"215","virus_comp_14783_cycle_1",3
"216","virus_comp_14874_cycle_1",3
"217","virus_comp_15011_cycle_1",3
"218","virus_comp_15149_cycle_1",3
"219","virus_comp_15193_cycle_1",3
"220","virus_comp_15297_cycle_1",3
"221","virus_comp_15451_cycle_1",3
"222","virus_comp_15563_cycle_1",3
"223","virus_comp_15683_cycle_1",3
"224","virus_comp_1572_cycle_1",3
"225","virus_comp_15733_cycle_1",3
"226","virus_comp_15755_cycle_1",3
"227","virus_comp_15766_cycle_1",3
"228","virus_comp_1577_cycle_1",3
"229","virus_comp_15825_cycle_1",3
"230","virus_comp_1598_cycle_1",3
"231","virus_comp_16043_cycle_1",3
"232","virus_comp_16051_cycle_1",3
"233","virus_comp_16241_cycle_1",3
"234","virus_comp_16290_cycle_1",3
"235","virus_comp_16310_cycle_1",3
"236","virus_comp_16441_cycle_1",3
"237","virus_comp_1656_cycle_1",3
"238","virus_comp_16562_cycle_1",3
"239","virus_comp_16623_cycle_1",3
"240","virus_comp_16736_cycle_1",3
"241","virus_comp_16769_cycle_1",3
"242","virus_comp_16836_cycle_1",3
"243","virus_comp_1685_cycle_1",3
"244","virus_comp_1686_cycle_1",3
"245","virus_comp_17013_cycle_1",3
"246","virus_comp_17127_cycle_1",3
"247","virus_comp_17128_cycle_1",3
"248","virus_comp_17141_cycle_1",3
"249","virus_comp_17149_cycle_1",3
"250","virus_comp_17166_cycle_1",3
"251","virus_comp_17179_cycle_1",3
"252","virus_comp_17180_cycle_1",3
"253","virus_comp_17189_cycle_1",3
"254","virus_comp_17261_cycle_1",3
"255","virus_comp_17267_cycle_1",3
"256","virus_comp_17268_cycle_1",3
"257","virus_comp_1729_cycle_1",3
"258","virus_comp_17326_cycle_1",3
"259","virus_comp_17358_cycle_1",3
"260","virus_comp_17386_cycle_1",3
"261","virus_comp_1739_cycle_1",3
"262","virus_comp_17405_cycle_1",3
"263","virus_comp_17406_cycle_1",3
"264","virus_comp_1742_cycle_1",3
"265","virus_comp_17421_cycle_1",3
"266","virus_comp_17423_cycle_1",3
"267","virus_comp_17439_cycle_1",3
"268","virus_comp_17448_cycle_1",3
"269","virus_comp_17485_cycle_1",3
"270","virus_comp_17514_cycle_1",3
"271","virus_comp_17526_cycle_1",3
"272","virus_comp_17530_cycle_1",3
"273","virus_comp_17549_cycle_1",3
"274","virus_comp_17560_cycle_1",3
"275","virus_comp_17561_cycle_1",3
"276","virus_comp_17638_cycle_1",3
"277","virus_comp_17648_cycle_1",3
"278","virus_comp_17706_cycle_1",3
"279","virus_comp_17717_cycle_1",3
"280","virus_comp_17733_cycle_1",3
"281","virus_comp_17759_cycle_1",3
"282","virus_comp_17765_cycle_1",3
"283","virus_comp_17766_cycle_1",3
"284","virus_comp_1778_cycle_1",3
"285","virus_comp_17782_cycle_1",3
"286","virus_comp_17799_cycle_1",3
"287","virus_comp_17828_cycle_1",3
"288","virus_comp_17833_cycle_1",3
"289","virus_comp_17843_cycle_1",3
"290","virus_comp_17895_cycle_1",3
"291","virus_comp_17914_cycle_1",3
"292","virus_comp_17916_cycle_1",3
"293","virus_comp_17935_cycle_1",3
"294","virus_comp_17982_cycle_1",3
"295","virus_comp_1800_cycle_1",3
"296","virus_comp_18042_cycle_1",3
"297","virus_comp_18050_cycle_1",3
"298","virus_comp_18064_cycle_1",3
"299","virus_comp_18115_cycle_1",3
"300","virus_comp_18141_cycle_1",3
"301","virus_comp_1817_cycle_1",3
"302","virus_comp_1839_cycle_1",3
"303","virus_comp_1857_cycle_1",3
"304","virus_comp_2107_cycle_1",3
"305","virus_comp_2126_cycle_1",3
"306","virus_comp_220_cycle_1",3
"307","virus_comp_2278_cycle_1",3
"308","virus_comp_2300_cycle_1",3
"309","virus_comp_2320_cycle_1",3
"310","virus_comp_2497_cycle_1",3
"311","virus_comp_2551_cycle_1",3
"312","virus_comp_2596_cycle_1",3
"313","virus_comp_260_cycle_1",3
"314","virus_comp_2818_cycle_1",3
"315","virus_comp_293_cycle_1",3
"316","virus_comp_2938_cycle_1",3
"317","virus_comp_2978_cycle_1",3
"318","virus_comp_3043_cycle_1",3
"319","virus_comp_313_cycle_1",3
"320","virus_comp_326_cycle_1",3
"321","virus_comp_3526_cycle_1",3
"322","virus_comp_3594_cycle_1",3
"323","virus_comp_365_cycle_1",3
"324","virus_comp_3716_cycle_1",3
"325","virus_comp_3759_cycle_1",3
"326","virus_comp_3835_cycle_1",3
"327","virus_comp_3957_cycle_1",3
"328","virus_comp_3972_cycle_1",3
"329","virus_comp_4007_cycle_1",3
"330","virus_comp_4084_cycle_1",3
"331","virus_comp_4199_cycle_1",3
"332","virus_comp_4305_cycle_1",3
"333","virus_comp_4447_cycle_1",3
"334","virus_comp_4568_cycle_1",3
"335","virus_comp_4621_cycle_1",3
"336","virus_comp_4638_cycle_1",3
"337","virus_comp_50_cycle_1",3
"338","virus_comp_5031_cycle_1",3
"339","virus_comp_5153_cycle_1",3
"340","virus_comp_5159_cycle_1",3
"341","virus_comp_5303_cycle_1",3
"342","virus_comp_5339_cycle_1",3
"343","virus_comp_5577_cycle_1",3
"344","virus_comp_5606_cycle_1",3
"345","virus_comp_5621_cycle_1",3
"346","virus_comp_5707_cycle_1",3
"347","virus_comp_572_cycle_1",3
"348","virus_comp_5727_cycle_1",3
"349","virus_comp_5785_cycle_1",3
"350","virus_comp_579_cycle_1",3
"351","virus_comp_580_cycle_1",3
"352","virus_comp_5804_cycle_1",3
"353","virus_comp_583_cycle_1",3
"354","virus_comp_5904_cycle_1",3
"355","virus_comp_5933_cycle_1",3
"356","virus_comp_5942_cycle_1",3
"357","virus_comp_6071_cycle_1",3
"358","virus_comp_61_cycle_1",3
"359","virus_comp_6194_cycle_1",3
"360","virus_comp_622_cycle_1",3
"361","virus_comp_626_cycle_1",3
"362","virus_comp_637_cycle_1",3
"363","virus_comp_640_cycle_1",3
"364","virus_comp_6449_cycle_1",3
"365","virus_comp_6632_cycle_1",3
"366","virus_comp_666_cycle_1",3
"367","virus_comp_6812_cycle_1",3
"368","virus_comp_6922_cycle_1",3
"369","virus_comp_6945_cycle_1",3
"370","virus_comp_7019_cycle_1",3
"371","virus_comp_7032_cycle_1",3
"372","virus_comp_706_cycle_1",3
"373","virus_comp_7533_cycle_1",3
"374","virus_comp_7629_cycle_1",3
"375","virus_comp_7661_cycle_1",3
"376","virus_comp_800_cycle_1",3
"377","virus_comp_8034_cycle_1",3
"378","virus_comp_818_cycle_1",3
"379","virus_comp_821_cycle_1",3
"380","virus_comp_8217_cycle_1",3
"381","virus_comp_8477_cycle_1",3
"382","virus_comp_864_cycle_1",3
"383","virus_comp_8657_cycle_1",3
"384","virus_comp_8957_cycle_1",3
"385","virus_comp_900_cycle_1",3
"386","virus_comp_9075_cycle_1",3
"387","virus_comp_9214_cycle_1",3
"388","virus_comp_9283_cycle_1",3
"389","virus_comp_9321_cycle_1",3
"390","virus_comp_9471_cycle_1",3
"391","virus_comp_9563_cycle_1",3
"392","virus_comp_9712_cycle_1",3
"393","virus_comp_9994_cycle_1",3
"394","edge_1100",3
"395","edge_1279",3
"396","edge_1284",3
"397","edge_1303",3
"398","edge_1366",3
"399","edge_1524",3
"400","edge_1552",3
"401","edge_1565",3
"402","edge_1616",3
"403","edge_2270",3
"404","edge_251",3
"405","edge_2530",3
"406","edge_3889",3
"407","edge_48406",3
"408","edge_48408",3
"409","edge_48662",3
"410","virus_comp_100_cycle_1",2
"411","virus_comp_10032_cycle_1",2
"412","virus_comp_10105_cycle_1",2
"413","virus_comp_1012_cycle_1",2
"414","virus_comp_10163_cycle_1",2
"415","virus_comp_10195_cycle_1",2
"416","virus_comp_1020_cycle_1",2
"417","virus_comp_10209_cycle_1",2
"418","virus_comp_10214_cycle_1",2
"419","virus_comp_10244_cycle_1",2
"420","virus_comp_1025_cycle_1",2
"421","virus_comp_10301_cycle_1",2
"422","virus_comp_10319_cycle_1",2
"423","virus_comp_1048_cycle_1",2
"424","virus_comp_10554_cycle_1",2
"425","virus_comp_10560_cycle_1",2
"426","virus_comp_1058_cycle_1",2
"427","virus_comp_10624_cycle_1",2
"428","virus_comp_10634_cycle_1",2
"429","virus_comp_10656_cycle_1",2
"430","virus_comp_1067_cycle_1",2
"431","virus_comp_1071_cycle_1",2
"432","virus_comp_10713_cycle_1",2
"433","virus_comp_10795_cycle_1",2
"434","virus_comp_10805_cycle_1",2
"435","virus_comp_10824_cycle_1",2
"436","virus_comp_10841_cycle_1",2
"437","virus_comp_10864_cycle_1",2
"438","virus_comp_10882_cycle_1",2
"439","virus_comp_10917_cycle_1",2
"440","virus_comp_10955_cycle_1",2
"441","virus_comp_10973_cycle_1",2
"442","virus_comp_11010_cycle_1",2
"443","virus_comp_1107_cycle_1",2
"444","virus_comp_11090_cycle_1",2
"445","virus_comp_111_cycle_1",2
"446","virus_comp_1121_cycle_1",2
"447","virus_comp_11255_cycle_1",2
"448","virus_comp_11268_cycle_1",2
"449","virus_comp_11390_cycle_1",2
"450","virus_comp_1142_cycle_1",2
"451","virus_comp_11451_cycle_1",2
"452","virus_comp_11452_cycle_1",2
"453","virus_comp_11457_cycle_1",2
"454","virus_comp_11458_cycle_1",2
"455","virus_comp_11503_cycle_1",2
"456","virus_comp_1156_cycle_1",2
"457","virus_comp_11567_cycle_1",2
"458","virus_comp_11573_cycle_1",2
"459","virus_comp_116_cycle_1",2
"460","virus_comp_11679_cycle_1",2
"461","virus_comp_11681_cycle_1",2
"462","virus_comp_1169_cycle_1",2
"463","virus_comp_11719_cycle_1",2
"464","virus_comp_11755_cycle_1",2
"465","virus_comp_11886_cycle_1",2
"466","virus_comp_11898_cycle_1",2
"467","virus_comp_11973_cycle_1",2
"468","virus_comp_11987_cycle_1",2
"469","virus_comp_1202_cycle_1",2
"470","virus_comp_12065_cycle_1",2
"471","virus_comp_121_cycle_1",2
"472","virus_comp_12191_cycle_1",2
"473","virus_comp_122_cycle_1",2
"474","virus_comp_12286_cycle_1",2
"475","virus_comp_12300_cycle_1",2
"476","virus_comp_12421_cycle_1",2
"477","virus_comp_12620_cycle_1",2
"478","virus_comp_12624_cycle_1",2
"479","virus_comp_12641_cycle_1",2
"480","virus_comp_12718_cycle_1",2
"481","virus_comp_12768_cycle_1",2
"482","virus_comp_12802_cycle_1",2
"483","virus_comp_12843_cycle_1",2
"484","virus_comp_12845_cycle_1",2
"485","virus_comp_12850_cycle_1",2
"486","virus_comp_12862_cycle_1",2
"487","virus_comp_1287_cycle_1",2
"488","virus_comp_12871_cycle_1",2
"489","virus_comp_12881_cycle_1",2
"490","virus_comp_12937_cycle_1",2
"491","virus_comp_12948_cycle_1",2
"492","virus_comp_12971_cycle_1",2
"493","virus_comp_12993_cycle_1",2
"494","virus_comp_13066_cycle_1",2
"495","virus_comp_1314_cycle_1",2
"496","virus_comp_13196_cycle_1",2
"497","virus_comp_13208_cycle_1",2
"498","virus_comp_13216_cycle_1",2
"499","virus_comp_13238_cycle_1",2
"500","virus_comp_13248_cycle_1",2
"501","virus_comp_13281_cycle_1",2
"502","virus_comp_13403_cycle_1",2
"503","virus_comp_13423_cycle_1",2
"504","virus_comp_13470_cycle_1",2
"505","virus_comp_136_cycle_1",2
"506","virus_comp_1362_cycle_1",2
"507","virus_comp_13641_cycle_1",2
"508","virus_comp_13699_cycle_1",2
"509","virus_comp_13745_cycle_1",2
"510","virus_comp_13791_cycle_1",2
"511","virus_comp_13805_cycle_1",2
"512","virus_comp_13912_cycle_1",2
"513","virus_comp_13953_cycle_1",2
"514","virus_comp_14095_cycle_1",2
"515","virus_comp_14135_cycle_1",2
"516","virus_comp_14141_cycle_1",2
"517","virus_comp_1418_cycle_1",2
"518","virus_comp_14183_cycle_1",2
"519","virus_comp_14289_cycle_1",2
"520","virus_comp_14346_cycle_1",2
"521","virus_comp_14369_cycle_1",2
"522","virus_comp_14390_cycle_1",2
"523","virus_comp_14397_cycle_1",2
"524","virus_comp_14411_cycle_1",2
"525","virus_comp_14495_cycle_1",2
"526","virus_comp_14525_cycle_1",2
"527","virus_comp_14527_cycle_1",2
"528","virus_comp_14535_cycle_1",2
"529","virus_comp_14560_cycle_1",2
"530","virus_comp_14600_cycle_1",2
"531","virus_comp_14814_cycle_1",2
"532","virus_comp_14861_cycle_1",2
"533","virus_comp_14878_cycle_1",2
"534","virus_comp_1489_cycle_1",2
"535","virus_comp_14899_cycle_1",2
"536","virus_comp_1490_cycle_1",2
"537","virus_comp_1491_cycle_1",2
"538","virus_comp_14953_cycle_1",2
"539","virus_comp_14960_cycle_1",2
"540","virus_comp_14972_cycle_1",2
"541","virus_comp_14977_cycle_1",2
"542","virus_comp_15059_cycle_1",2
"543","virus_comp_15063_cycle_1",2
"544","virus_comp_15093_cycle_1",2
"545","virus_comp_15095_cycle_1",2
"546","virus_comp_1511_cycle_1",2
"547","virus_comp_15133_cycle_1",2
"548","virus_comp_15139_cycle_1",2
"549","virus_comp_1519_cycle_1",2
"550","virus_comp_1521_cycle_1",2
"551","virus_comp_15221_cycle_1",2
"552","virus_comp_15236_cycle_1",2
"553","virus_comp_15270_cycle_1",2
"554","virus_comp_15330_cycle_1",2
"555","virus_comp_15413_cycle_1",2
"556","virus_comp_15424_cycle_1",2
"557","virus_comp_15496_cycle_1",2
"558","virus_comp_15557_cycle_1",2
"559","virus_comp_15570_cycle_1",2
"560","virus_comp_15579_cycle_1",2
"561","virus_comp_15583_cycle_1",2
"562","virus_comp_15584_cycle_1",2
"563","virus_comp_1559_cycle_1",2
"564","virus_comp_15622_cycle_1",2
"565","virus_comp_15661_cycle_1",2
"566","virus_comp_15783_cycle_1",2
"567","virus_comp_15938_cycle_1",2
"568","virus_comp_15957_cycle_1",2
"569","virus_comp_15981_cycle_1",2
"570","virus_comp_1601_cycle_1",2
"571","virus_comp_16018_cycle_1",2
"572","virus_comp_16030_cycle_1",2
"573","virus_comp_16033_cycle_1",2
"574","virus_comp_16041_cycle_1",2
"575","virus_comp_16050_cycle_1",2
"576","virus_comp_16105_cycle_1",2
"577","virus_comp_16117_cycle_1",2
"578","virus_comp_16129_cycle_1",2
"579","virus_comp_16135_cycle_1",2
"580","virus_comp_16159_cycle_1",2
"581","virus_comp_16170_cycle_1",2
"582","virus_comp_1623_cycle_1",2
"583","virus_comp_16260_cycle_1",2
"584","virus_comp_16324_cycle_1",2
"585","virus_comp_1633_cycle_1",2
"586","virus_comp_16347_cycle_1",2
"587","virus_comp_16354_cycle_1",2
"588","virus_comp_16401_cycle_1",2
"589","virus_comp_16420_cycle_1",2
"590","virus_comp_16421_cycle_1",2
"591","virus_comp_16439_cycle_1",2
"592","virus_comp_16452_cycle_1",2
"593","virus_comp_1646_cycle_1",2
"594","virus_comp_16471_cycle_1",2
"595","virus_comp_16472_cycle_1",2
"596","virus_comp_16481_cycle_1",2
"597","virus_comp_16495_cycle_1",2
"598","virus_comp_16521_cycle_1",2
"599","virus_comp_16552_cycle_1",2
"600","virus_comp_16569_cycle_1",2
"601","virus_comp_16571_cycle_1",2
"602","virus_comp_16594_cycle_1",2
"603","virus_comp_166_cycle_1",2
"604","virus_comp_16640_cycle_1",2
"605","virus_comp_16720_cycle_1",2
"606","virus_comp_16732_cycle_1",2
"607","virus_comp_16754_cycle_1",2
"608","virus_comp_16765_cycle_1",2
"609","virus_comp_16797_cycle_1",2
"610","virus_comp_16815_cycle_1",2
"611","virus_comp_16825_cycle_1",2
"612","virus_comp_16837_cycle_1",2
"613","virus_comp_1684_cycle_1",2
"614","virus_comp_16898_cycle_1",2
"615","virus_comp_17031_cycle_1",2
"616","virus_comp_17053_cycle_1",2
"617","virus_comp_17059_cycle_1",2
"618","virus_comp_17060_cycle_1",2
"619","virus_comp_17081_cycle_1",2
"620","virus_comp_17082_cycle_1",2
"621","virus_comp_17107_cycle_1",2
"622","virus_comp_1711_cycle_1",2
"623","virus_comp_17134_cycle_1",2
"624","virus_comp_17153_cycle_1",2
"625","virus_comp_17164_cycle_1",2
"626","virus_comp_17185_cycle_1",2
"627","virus_comp_17187_cycle_1",2
"628","virus_comp_17191_cycle_1",2
"629","virus_comp_17194_cycle_1",2
"630","virus_comp_17198_cycle_1",2
"631","virus_comp_17211_cycle_1",2
"632","virus_comp_17225_cycle_1",2
"633","virus_comp_17230_cycle_1",2
"634","virus_comp_17247_cycle_1",2
"635","virus_comp_17248_cycle_1",2
"636","virus_comp_17249_cycle_1",2
"637","virus_comp_17263_cycle_1",2
"638","virus_comp_17274_cycle_1",2
"639","virus_comp_17281_cycle_1",2
"640","virus_comp_17286_cycle_1",2
"641","virus_comp_17294_cycle_1",2
"642","virus_comp_17298_cycle_1",2
"643","virus_comp_17325_cycle_1",2
"644","virus_comp_17340_cycle_1",2
"645","virus_comp_17354_cycle_1",2
"646","virus_comp_17376_cycle_1",2
"647","virus_comp_17378_cycle_1",2
"648","virus_comp_17381_cycle_1",2
"649","virus_comp_17385_cycle_1",2
"650","virus_comp_17397_cycle_1",2
"651","virus_comp_17399_cycle_1",2
"652","virus_comp_17403_cycle_1",2
"653","virus_comp_17411_cycle_1",2
"654","virus_comp_1743_cycle_1",2
"655","virus_comp_17453_cycle_1",2
"656","virus_comp_17464_cycle_1",2
"657","virus_comp_17466_cycle_1",2
"658","virus_comp_1747_cycle_1",2
"659","virus_comp_17470_cycle_1",2
"660","virus_comp_17477_cycle_1",2
"661","virus_comp_17496_cycle_1",2
"662","virus_comp_17525_cycle_1",2
"663","virus_comp_1758_cycle_1",2
"664","virus_comp_17612_cycle_1",2
"665","virus_comp_17629_cycle_1",2
"666","virus_comp_17656_cycle_1",2
"667","virus_comp_17677_cycle_1",2
"668","virus_comp_17679_cycle_1",2
"669","virus_comp_17681_cycle_1",2
"670","virus_comp_17708_cycle_1",2
"671","virus_comp_17742_cycle_1",2
"672","virus_comp_17753_cycle_1",2
"673","virus_comp_17762_cycle_1",2
"674","virus_comp_17773_cycle_1",2
"675","virus_comp_17786_cycle_1",2
"676","virus_comp_17826_cycle_1",2
"677","virus_comp_17831_cycle_1",2
"678","virus_comp_17841_cycle_1",2
"679","virus_comp_17955_cycle_1",2
"680","virus_comp_18001_cycle_1",2
"681","virus_comp_18021_cycle_1",2
"682","virus_comp_18063_cycle_1",2
"683","virus_comp_18105_cycle_1",2
"684","virus_comp_18124_cycle_1",2
"685","virus_comp_1841_cycle_1",2
"686","virus_comp_1850_cycle_1",2
"687","virus_comp_1897_cycle_1",2
"688","virus_comp_1947_cycle_1",2
"689","virus_comp_1964_cycle_1",2
"690","virus_comp_1976_cycle_1",2
"691","virus_comp_1988_cycle_1",2
"692","virus_comp_203_cycle_1",2
"693","virus_comp_2064_cycle_1",2
"694","virus_comp_2070_cycle_1",2
"695","virus_comp_2071_cycle_1",2
"696","virus_comp_2077_cycle_1",2
"697","virus_comp_2119_cycle_1",2
"698","virus_comp_2137_cycle_1",2
"699","virus_comp_2139_cycle_1",2
"700","virus_comp_2243_cycle_1",2
"701","virus_comp_2250_cycle_1",2
"702","virus_comp_2280_cycle_1",2
"703","virus_comp_2288_cycle_1",2
"704","virus_comp_2289_cycle_1",2
"705","virus_comp_2290_cycle_1",2
"706","virus_comp_2296_cycle_1",2
"707","virus_comp_2316_cycle_1",2
"708","virus_comp_2359_cycle_1",2
"709","virus_comp_237_cycle_1",2
"710","virus_comp_238_cycle_1",2
"711","virus_comp_2403_cycle_1",2
"712","virus_comp_2405_cycle_1",2
"713","virus_comp_2454_cycle_1",2
"714","virus_comp_2456_cycle_1",2
"715","virus_comp_2474_cycle_1",2
"716","virus_comp_254_cycle_1",2
"717","virus_comp_2578_cycle_1",2
"718","virus_comp_2651_cycle_1",2
"719","virus_comp_276_cycle_1",2
"720","virus_comp_277_cycle_1",2
"721","virus_comp_2844_cycle_1",2
"722","virus_comp_2865_cycle_1",2
"723","virus_comp_288_cycle_1",2
"724","virus_comp_290_cycle_1",2
"725","virus_comp_2900_cycle_1",2
"726","virus_comp_2911_cycle_1",2
"727","virus_comp_2957_cycle_1",2
"728","virus_comp_2968_cycle_1",2
"729","virus_comp_299_cycle_1",2
"730","virus_comp_2994_cycle_1",2
"731","virus_comp_3103_cycle_1",2
"732","virus_comp_312_cycle_1",2
"733","virus_comp_3132_cycle_1",2
"734","virus_comp_3134_cycle_1",2
"735","virus_comp_3196_cycle_1",2
"736","virus_comp_324_cycle_1",2
"737","virus_comp_3244_cycle_1",2
"738","virus_comp_3249_cycle_1",2
"739","virus_comp_3266_cycle_1",2
"740","virus_comp_3276_cycle_1",2
"741","virus_comp_335_cycle_1",2
"742","virus_comp_3351_cycle_1",2
"743","virus_comp_336_cycle_1",2
"744","virus_comp_3366_cycle_1",2
"745","virus_comp_337_cycle_1",2
"746","virus_comp_342_cycle_1",2
"747","virus_comp_3424_cycle_1",2
"748","virus_comp_343_cycle_1",2
"749","virus_comp_344_cycle_1",2
"750","virus_comp_345_cycle_1",2
"751","virus_comp_3460_cycle_1",2
"752","virus_comp_3468_cycle_1",2
"753","virus_comp_3480_cycle_1",2
"754","virus_comp_3523_cycle_1",2
"755","virus_comp_3544_cycle_1",2
"756","virus_comp_3602_cycle_1",2
"757","virus_comp_3604_cycle_1",2
"758","virus_comp_362_cycle_1",2
"759","virus_comp_3678_cycle_1",2
"760","virus_comp_3691_cycle_1",2
"761","virus_comp_3698_cycle_1",2
"762","virus_comp_370_cycle_1",2
"763","virus_comp_3702_cycle_1",2
"764","virus_comp_373_cycle_1",2
"765","virus_comp_3756_cycle_1",2
"766","virus_comp_3776_cycle_1",2
"767","virus_comp_38_cycle_1",2
"768","virus_comp_3889_cycle_1",2
"769","virus_comp_3917_cycle_1",2
"770","virus_comp_3932_cycle_1",2
"771","virus_comp_3943_cycle_1",2
"772","virus_comp_398_cycle_1",2
"773","virus_comp_4014_cycle_1",2
"774","virus_comp_4029_cycle_1",2
"775","virus_comp_4094_cycle_1",2
"776","virus_comp_4117_cycle_1",2
"777","virus_comp_4167_cycle_1",2
"778","virus_comp_4244_cycle_1",2
"779","virus_comp_4325_cycle_1",2
"780","virus_comp_4340_cycle_1",2
"781","virus_comp_4453_cycle_1",2
"782","virus_comp_4503_cycle_1",2
"783","virus_comp_4523_cycle_1",2
"784","virus_comp_4525_cycle_1",2
"785","virus_comp_4532_cycle_1",2
"786","virus_comp_4544_cycle_1",2
"787","virus_comp_4578_cycle_1",2
"788","virus_comp_4673_cycle_1",2
"789","virus_comp_4677_cycle_1",2
"790","virus_comp_4697_cycle_1",2
"791","virus_comp_4754_cycle_1",2
"792","virus_comp_4762_cycle_1",2
"793","virus_comp_4769_cycle_1",2
"794","virus_comp_4806_cycle_1",2
"795","virus_comp_4853_cycle_1",2
"796","virus_comp_494_cycle_1",2
"797","virus_comp_495_cycle_1",2
"798","virus_comp_496_cycle_1",2
"799","virus_comp_499_cycle_1",2
"800","virus_comp_5104_cycle_1",2
"801","virus_comp_5110_cycle_1",2
"802","virus_comp_5116_cycle_1",2
"803","virus_comp_5154_cycle_1",2
"804","virus_comp_5215_cycle_1",2
"805","virus_comp_5223_cycle_1",2
"806","virus_comp_5230_cycle_1",2
"807","virus_comp_528_cycle_1",2
"808","virus_comp_529_cycle_1",2
"809","virus_comp_5298_cycle_1",2
"810","virus_comp_5320_cycle_1",2
"811","virus_comp_535_cycle_1",2
"812","virus_comp_5354_cycle_1",2
"813","virus_comp_5392_cycle_1",2
"814","virus_comp_540_cycle_1",2
"815","virus_comp_542_cycle_1",2
"816","virus_comp_5425_cycle_1",2
"817","virus_comp_5431_cycle_1",2
"818","virus_comp_5469_cycle_1",2
"819","virus_comp_5495_cycle_1",2
"820","virus_comp_5531_cycle_1",2
"821","virus_comp_555_cycle_1",2
"822","virus_comp_5563_cycle_1",2
"823","virus_comp_5599_cycle_1",2
"824","virus_comp_562_cycle_1",2
"825","virus_comp_5709_cycle_1",2
"826","virus_comp_5719_cycle_1",2
"827","virus_comp_5722_cycle_1",2
"828","virus_comp_5919_cycle_1",2
"829","virus_comp_5928_cycle_1",2
"830","virus_comp_5934_cycle_1",2
"831","virus_comp_5999_cycle_1",2
"832","virus_comp_6011_cycle_1",2
"833","virus_comp_6095_cycle_1",2
"834","virus_comp_611_cycle_1",2
"835","virus_comp_6158_cycle_1",2
"836","virus_comp_6160_cycle_1",2
"837","virus_comp_6187_cycle_1",2
"838","virus_comp_62_cycle_1",2
"839","virus_comp_6209_cycle_1",2
"840","virus_comp_6277_cycle_1",2
"841","virus_comp_6386_cycle_1",2
"842","virus_comp_639_cycle_1",2
"843","virus_comp_6393_cycle_1",2
"844","virus_comp_6431_cycle_1",2
"845","virus_comp_6471_cycle_1",2
"846","virus_comp_6555_cycle_1",2
"847","virus_comp_6564_cycle_1",2
"848","virus_comp_6573_cycle_1",2
"849","virus_comp_6579_cycle_1",2
"850","virus_comp_66_cycle_1",2
"851","virus_comp_6633_cycle_1",2
"852","virus_comp_6653_cycle_1",2
"853","virus_comp_6681_cycle_1",2
"854","virus_comp_6694_cycle_1",2
"855","virus_comp_6735_cycle_1",2
"856","virus_comp_6743_cycle_1",2
"857","virus_comp_6834_cycle_1",2
"858","virus_comp_6839_cycle_1",2
"859","virus_comp_687_cycle_1",2
"860","virus_comp_6936_cycle_1",2
"861","virus_comp_6937_cycle_1",2
"862","virus_comp_6952_cycle_1",2
"863","virus_comp_7078_cycle_1",2
"864","virus_comp_710_cycle_1",2
"865","virus_comp_711_cycle_1",2
"866","virus_comp_7130_cycle_1",2
"867","virus_comp_716_cycle_3",2
"868","virus_comp_7256_cycle_1",2
"869","virus_comp_7303_cycle_1",2
"870","virus_comp_7336_cycle_1",2
"871","virus_comp_7345_cycle_1",2
"872","virus_comp_7501_cycle_1",2
"873","virus_comp_7525_cycle_1",2
"874","virus_comp_7551_cycle_1",2
"875","virus_comp_7555_cycle_1",2
"876","virus_comp_758_cycle_1",2
"877","virus_comp_7581_cycle_1",2
"878","virus_comp_7630_cycle_1",2
"879","virus_comp_7634_cycle_1",2
"880","virus_comp_7699_cycle_1",2
"881","virus_comp_7715_cycle_1",2
"882","virus_comp_7741_cycle_1",2
"883","virus_comp_7745_cycle_1",2
"884","virus_comp_7753_cycle_1",2
"885","virus_comp_7801_cycle_1",2
"886","virus_comp_7851_cycle_1",2
"887","virus_comp_7880_cycle_1",2
"888","virus_comp_7902_cycle_1",2
"889","virus_comp_796_cycle_1",2
"890","virus_comp_7967_cycle_1",2
"891","virus_comp_7978_cycle_1",2
"892","virus_comp_8008_cycle_1",2
"893","virus_comp_8037_cycle_1",2
"894","virus_comp_8046_cycle_1",2
"895","virus_comp_8072_cycle_1",2
"896","virus_comp_8086_cycle_1",2
"897","virus_comp_81_cycle_1",2
"898","virus_comp_8102_cycle_1",2
"899","virus_comp_8157_cycle_1",2
"900","virus_comp_829_cycle_1",2
"901","virus_comp_831_cycle_1",2
"902","virus_comp_8365_cycle_1",2
"903","virus_comp_8385_cycle_1",2
"904","virus_comp_8406_cycle_1",2
"905","virus_comp_8425_cycle_1",2
"906","virus_comp_8496_cycle_1",2
"907","virus_comp_8504_cycle_1",2
"908","virus_comp_863_cycle_1",2
"909","virus_comp_8660_cycle_1",2
"910","virus_comp_8677_cycle_1",2
"911","virus_comp_8679_cycle_1",2
"912","virus_comp_8700_cycle_1",2
"913","virus_comp_8720_cycle_1",2
"914","virus_comp_8785_cycle_1",2
"915","virus_comp_8791_cycle_1",2
"916","virus_comp_8799_cycle_1",2
"917","virus_comp_8810_cycle_1",2
"918","virus_comp_8879_cycle_1",2
"919","virus_comp_8883_cycle_1",2
"920","virus_comp_8917_cycle_1",2
"921","virus_comp_8927_cycle_1",2
"922","virus_comp_8992_cycle_1",2
"923","virus_comp_8998_cycle_1",2
"924","virus_comp_9004_cycle_1",2
"925","virus_comp_9049_cycle_1",2
"926","virus_comp_9089_cycle_1",2
"927","virus_comp_9126_cycle_1",2
"928","virus_comp_9156_cycle_1",2
"929","virus_comp_9208_cycle_1",2
"930","virus_comp_9275_cycle_1",2
"931","virus_comp_9291_cycle_1",2
"932","virus_comp_9358_cycle_1",2
"933","virus_comp_939_cycle_1",2
"934","virus_comp_9441_cycle_1",2
"935","virus_comp_9464_cycle_1",2
"936","virus_comp_9501_cycle_1",2
"937","virus_comp_9566_cycle_1",2
"938","virus_comp_9586_cycle_1",2
"939","virus_comp_9600_cycle_1",2
"940","virus_comp_9635_cycle_1",2
"941","virus_comp_9653_cycle_1",2
"942","virus_comp_9723_cycle_1",2
"943","virus_comp_9870_cycle_1",2
"944","virus_comp_9909_cycle_1",2
"945","virus_comp_9936_cycle_1",2
"946","edge_1103",2
"947","edge_1115",2
"948","edge_1117",2
"949","edge_1125",2
"950","edge_1270",2
"951","edge_1273",2
"952","edge_1274",2
"953","edge_1276",2
"954","edge_1280",2
"955","edge_1281",2
"956","edge_1282",2
"957","edge_1292",2
"958","edge_1294",2
"959","edge_1295",2
"960","edge_1305",2
"961","edge_1318",2
"962","edge_1323",2
"963","edge_1330",2
"964","edge_1567",2
"965","edge_1608",2
"966","edge_1610",2
"967","edge_1611",2
"968","edge_1613",2
"969","edge_1614",2
"970","edge_1627",2
"971","edge_1647",2
"972","edge_1755",2
"973","edge_1959",2
"974","edge_2140",2
"975","edge_2337",2
"976","edge_2531",2
"977","edge_363",2
"978","edge_48361",2
"979","edge_48362",2
"980","edge_48535",2
"981","edge_48624",2
"982","edge_493",2
"983","edge_508",2
"984","edge_527",2
"985","edge_543",2
"986","edge_643",2
"987","edge_95",2
"988","virus_comp_1000_cycle_1",1
"989","virus_comp_10009_cycle_1",1
"990","virus_comp_10010_cycle_1",1
"991","virus_comp_1002_cycle_1",1
"992","virus_comp_1003_cycle_1",1
"993","virus_comp_10041_cycle_1",1
"994","virus_comp_10063_cycle_1",1
"995","virus_comp_1008_cycle_1",1
"996","virus_comp_10095_cycle_1",1
"997","virus_comp_10110_cycle_1",1
"998","virus_comp_10111_cycle_1",1
"999","virus_comp_10117_cycle_1",1
"1000","virus_comp_10129_cycle_1",1
"1001","virus_comp_10140_cycle_1",1
"1002","virus_comp_10151_cycle_1",1
"1003","virus_comp_10160_cycle_1",1
"1004","virus_comp_10171_cycle_1",1
"1005","virus_comp_10178_cycle_1",1
"1006","virus_comp_1018_cycle_1",1
"1007","virus_comp_10191_cycle_1",1
"1008","virus_comp_1022_cycle_1",1
"1009","virus_comp_10220_cycle_1",1
"1010","virus_comp_10245_cycle_1",1
"1011","virus_comp_1026_cycle_1",1
"1012","virus_comp_10279_cycle_1",1
"1013","virus_comp_1028_cycle_1",1
"1014","virus_comp_10289_cycle_1",1
"1015","virus_comp_10290_cycle_1",1
"1016","virus_comp_10297_cycle_1",1
"1017","virus_comp_10310_cycle_1",1
"1018","virus_comp_10323_cycle_1",1
"1019","virus_comp_10328_cycle_1",1
"1020","virus_comp_1033_cycle_1",1
"1021","virus_comp_10331_cycle_1",1
"1022","virus_comp_10338_cycle_1",1
"1023","virus_comp_10355_cycle_1",1
"1024","virus_comp_10361_cycle_1",1
"1025","virus_comp_10367_cycle_1",1
"1026","virus_comp_10371_cycle_1",1
"1027","virus_comp_10376_cycle_1",1
"1028","virus_comp_10379_cycle_1",1
"1029","virus_comp_10382_cycle_1",1
"1030","virus_comp_10384_cycle_1",1
"1031","virus_comp_10407_cycle_1",1
"1032","virus_comp_10410_cycle_1",1
"1033","virus_comp_10413_cycle_1",1
"1034","virus_comp_10422_cycle_1",1
"1035","virus_comp_10427_cycle_1",1
"1036","virus_comp_10442_cycle_1",1
"1037","virus_comp_10447_cycle_1",1
"1038","virus_comp_10480_cycle_1",1
"1039","virus_comp_10481_cycle_1",1
"1040","virus_comp_10509_cycle_1",1
"1041","virus_comp_10518_cycle_1",1
"1042","virus_comp_1052_cycle_1",1
"1043","virus_comp_10530_cycle_1",1
"1044","virus_comp_10531_cycle_1",1
"1045","virus_comp_10538_cycle_1",1
"1046","virus_comp_1055_cycle_1",1
"1047","virus_comp_10553_cycle_1",1
"1048","virus_comp_10564_cycle_1",1
"1049","virus_comp_10568_cycle_1",1
"1050","virus_comp_1057_cycle_1",1
"1051","virus_comp_1059_cycle_1",1
"1052","virus_comp_1060_cycle_1",1
"1053","virus_comp_1061_cycle_1",1
"1054","virus_comp_10664_cycle_1",1
"1055","virus_comp_10671_cycle_1",1
"1056","virus_comp_10673_cycle_1",1
"1057","virus_comp_10682_cycle_1",1
"1058","virus_comp_10695_cycle_1",1
"1059","virus_comp_1070_cycle_1",1
"1060","virus_comp_10704_cycle_1",1
"1061","virus_comp_10719_cycle_1",1
"1062","virus_comp_10736_cycle_1",1
"1063","virus_comp_1077_cycle_1",1
"1064","virus_comp_1078_cycle_1",1
"1065","virus_comp_1080_cycle_1",1
"1066","virus_comp_10803_cycle_1",1
"1067","virus_comp_10812_cycle_1",1
"1068","virus_comp_10836_cycle_1",1
"1069","virus_comp_1085_cycle_1",1
"1070","virus_comp_10852_cycle_1",1
"1071","virus_comp_10860_cycle_1",1
"1072","virus_comp_10869_cycle_1",1
"1073","virus_comp_10870_cycle_1",1
"1074","virus_comp_10877_cycle_1",1
"1075","virus_comp_1089_cycle_1",1
"1076","virus_comp_10896_cycle_1",1
"1077","virus_comp_10897_cycle_1",1
"1078","virus_comp_10916_cycle_1",1
"1079","virus_comp_10925_cycle_1",1
"1080","virus_comp_10927_cycle_1",1
"1081","virus_comp_10931_cycle_1",1
"1082","virus_comp_10959_cycle_1",1
"1083","virus_comp_1098_cycle_1",1
"1084","virus_comp_1099_cycle_1",1
"1085","virus_comp_10995_cycle_1",1
"1086","virus_comp_1100_cycle_1",1
"1087","virus_comp_11026_cycle_1",1
"1088","virus_comp_11028_cycle_1",1
"1089","virus_comp_11034_cycle_1",1
"1090","virus_comp_11055_cycle_1",1
"1091","virus_comp_11059_cycle_1",1
"1092","virus_comp_11069_cycle_1",1
"1093","virus_comp_11076_cycle_1",1
"1094","virus_comp_11110_cycle_1",1
"1095","virus_comp_11123_cycle_1",1
"1096","virus_comp_1113_cycle_1",1
"1097","virus_comp_11150_cycle_1",1
"1098","virus_comp_1116_cycle_1",1
"1099","virus_comp_11160_cycle_1",1
"1100","virus_comp_11201_cycle_1",1
"1101","virus_comp_11226_cycle_1",1
"1102","virus_comp_1124_cycle_1",1
"1103","virus_comp_11253_cycle_1",1
"1104","virus_comp_11264_cycle_1",1
"1105","virus_comp_1127_cycle_1",1
"1106","virus_comp_11278_cycle_1",1
"1107","virus_comp_11279_cycle_1",1
"1108","virus_comp_11295_cycle_1",1
"1109","virus_comp_11304_cycle_1",1
"1110","virus_comp_1133_cycle_1",1
"1111","virus_comp_11353_cycle_1",1
"1112","virus_comp_11368_cycle_1",1
"1113","virus_comp_11370_cycle_1",1
"1114","virus_comp_11379_cycle_1",1
"1115","virus_comp_1139_cycle_1",1
"1116","virus_comp_11391_cycle_1",1
"1117","virus_comp_11404_cycle_1",1
"1118","virus_comp_11410_cycle_1",1
"1119","virus_comp_11415_cycle_1",1
"1120","virus_comp_1143_cycle_1",1
"1121","virus_comp_1145_cycle_1",1
"1122","virus_comp_11454_cycle_1",1
"1123","virus_comp_11470_cycle_1",1
"1124","virus_comp_11471_cycle_1",1
"1125","virus_comp_1149_cycle_1",1
"1126","virus_comp_11507_cycle_1",1
"1127","virus_comp_1152_cycle_1",1
"1128","virus_comp_11533_cycle_1",1
"1129","virus_comp_11534_cycle_1",1
"1130","virus_comp_11540_cycle_1",1
"1131","virus_comp_11550_cycle_1",1
"1132","virus_comp_11555_cycle_1",1
"1133","virus_comp_1157_cycle_1",1
"1134","virus_comp_11574_cycle_1",1
"1135","virus_comp_11580_cycle_1",1
"1136","virus_comp_11583_cycle_1",1
"1137","virus_comp_11586_cycle_1",1
"1138","virus_comp_1159_cycle_1",1
"1139","virus_comp_1162_cycle_1",1
"1140","virus_comp_11622_cycle_1",1
"1141","virus_comp_11631_cycle_1",1
"1142","virus_comp_11632_cycle_1",1
"1143","virus_comp_11634_cycle_1",1
"1144","virus_comp_1164_cycle_1",1
"1145","virus_comp_11644_cycle_1",1
"1146","virus_comp_1165_cycle_1",1
"1147","virus_comp_11657_cycle_1",1
"1148","virus_comp_11691_cycle_1",1
"1149","virus_comp_11695_cycle_1",1
"1150","virus_comp_11715_cycle_1",1
"1151","virus_comp_11733_cycle_1",1
"1152","virus_comp_11735_cycle_1",1
"1153","virus_comp_11741_cycle_1",1
"1154","virus_comp_11742_cycle_1",1
"1155","virus_comp_11780_cycle_1",1
"1156","virus_comp_11789_cycle_1",1
"1157","virus_comp_11792_cycle_1",1
"1158","virus_comp_11793_cycle_1",1
"1159","virus_comp_11798_cycle_1",1
"1160","virus_comp_11803_cycle_1",1
"1161","virus_comp_11806_cycle_1",1
"1162","virus_comp_11808_cycle_1",1
"1163","virus_comp_1181_cycle_1",1
"1164","virus_comp_1183_cycle_1",1
"1165","virus_comp_11837_cycle_1",1
"1166","virus_comp_11842_cycle_1",1
"1167","virus_comp_11855_cycle_1",1
"1168","virus_comp_11856_cycle_1",1
"1169","virus_comp_11865_cycle_1",1
"1170","virus_comp_11866_cycle_1",1
"1171","virus_comp_1189_cycle_1",1
"1172","virus_comp_11894_cycle_1",1
"1173","virus_comp_11914_cycle_1",1
"1174","virus_comp_1192_cycle_1",1
"1175","virus_comp_1193_cycle_1",1
"1176","virus_comp_11933_cycle_1",1
"1177","virus_comp_11944_cycle_1",1
"1178","virus_comp_1196_cycle_1",1
"1179","virus_comp_11972_cycle_1",1
"1180","virus_comp_11999_cycle_1",1
"1181","virus_comp_12004_cycle_1",1
"1182","virus_comp_12032_cycle_1",1
"1183","virus_comp_1204_cycle_1",1
"1184","virus_comp_12041_cycle_1",1
"1185","virus_comp_1205_cycle_1",1
"1186","virus_comp_12052_cycle_1",1
"1187","virus_comp_1206_cycle_1",1
"1188","virus_comp_12068_cycle_1",1
"1189","virus_comp_12073_cycle_1",1
"1190","virus_comp_12079_cycle_1",1
"1191","virus_comp_12082_cycle_1",1
"1192","virus_comp_12083_cycle_1",1
"1193","virus_comp_12092_cycle_1",1
"1194","virus_comp_12097_cycle_1",1
"1195","virus_comp_12100_cycle_1",1
"1196","virus_comp_12105_cycle_1",1
"1197","virus_comp_12113_cycle_1",1
"1198","virus_comp_1212_cycle_1",1
"1199","virus_comp_12129_cycle_1",1
"1200","virus_comp_1213_cycle_1",1
"1201","virus_comp_12141_cycle_1",1
"1202","virus_comp_12157_cycle_1",1
"1203","virus_comp_12166_cycle_1",1
"1204","virus_comp_12172_cycle_1",1
"1205","virus_comp_12176_cycle_1",1
"1206","virus_comp_1219_cycle_1",1
"1207","virus_comp_12222_cycle_1",1
"1208","virus_comp_12241_cycle_1",1
"1209","virus_comp_12258_cycle_1",1
"1210","virus_comp_12264_cycle_1",1
"1211","virus_comp_12270_cycle_1",1
"1212","virus_comp_12271_cycle_1",1
"1213","virus_comp_12277_cycle_1",1
"1214","virus_comp_12278_cycle_1",1
"1215","virus_comp_12292_cycle_1",1
"1216","virus_comp_12322_cycle_1",1
"1217","virus_comp_12328_cycle_1",1
"1218","virus_comp_1233_cycle_1",1
"1219","virus_comp_12334_cycle_1",1
"1220","virus_comp_12351_cycle_1",1
"1221","virus_comp_12365_cycle_1",1
"1222","virus_comp_12369_cycle_1",1
"1223","virus_comp_124_cycle_1",1
"1224","virus_comp_1240_cycle_1",1
"1225","virus_comp_12483_cycle_1",1
"1226","virus_comp_12496_cycle_1",1
"1227","virus_comp_1251_cycle_1",1
"1228","virus_comp_12521_cycle_1",1
"1229","virus_comp_12532_cycle_1",1
"1230","virus_comp_12537_cycle_1",1
"1231","virus_comp_12545_cycle_1",1
"1232","virus_comp_1255_cycle_1",1
"1233","virus_comp_12554_cycle_1",1
"1234","virus_comp_12566_cycle_1",1
"1235","virus_comp_1257_cycle_1",1
"1236","virus_comp_1258_cycle_1",1
"1237","virus_comp_12582_cycle_1",1
"1238","virus_comp_12583_cycle_1",1
"1239","virus_comp_1259_cycle_1",1
"1240","virus_comp_12591_cycle_1",1
"1241","virus_comp_12596_cycle_1",1
"1242","virus_comp_12617_cycle_1",1
"1243","virus_comp_12625_cycle_1",1
"1244","virus_comp_12652_cycle_1",1
"1245","virus_comp_12656_cycle_1",1
"1246","virus_comp_12662_cycle_1",1
"1247","virus_comp_12678_cycle_1",1
"1248","virus_comp_12700_cycle_1",1
"1249","virus_comp_12743_cycle_1",1
"1250","virus_comp_12781_cycle_1",1
"1251","virus_comp_12789_cycle_1",1
"1252","virus_comp_12818_cycle_1",1
"1253","virus_comp_12827_cycle_1",1
"1254","virus_comp_12829_cycle_1",1
"1255","virus_comp_12832_cycle_1",1
"1256","virus_comp_12854_cycle_1",1
"1257","virus_comp_12861_cycle_1",1
"1258","virus_comp_12864_cycle_1",1
"1259","virus_comp_12874_cycle_1",1
"1260","virus_comp_1288_cycle_1",1
"1261","virus_comp_12886_cycle_1",1
"1262","virus_comp_12907_cycle_1",1
"1263","virus_comp_12919_cycle_1",1
"1264","virus_comp_12981_cycle_1",1
"1265","virus_comp_12984_cycle_1",1
"1266","virus_comp_12994_cycle_1",1
"1267","virus_comp_13016_cycle_1",1
"1268","virus_comp_13018_cycle_1",1
"1269","virus_comp_13023_cycle_1",1
"1270","virus_comp_13029_cycle_1",1
"1271","virus_comp_13033_cycle_1",1
"1272","virus_comp_13075_cycle_1",1
"1273","virus_comp_13077_cycle_1",1
"1274","virus_comp_13081_cycle_1",1
"1275","virus_comp_13084_cycle_1",1
"1276","virus_comp_13102_cycle_1",1
"1277","virus_comp_13117_cycle_1",1
"1278","virus_comp_13131_cycle_1",1
"1279","virus_comp_13161_cycle_1",1
"1280","virus_comp_1317_cycle_1",1
"1281","virus_comp_13180_cycle_1",1
"1282","virus_comp_13204_cycle_1",1
"1283","virus_comp_13211_cycle_1",1
"1284","virus_comp_13218_cycle_1",1
"1285","virus_comp_13254_cycle_1",1
"1286","virus_comp_13261_cycle_1",1
"1287","virus_comp_13274_cycle_1",1
"1288","virus_comp_13276_cycle_1",1
"1289","virus_comp_13298_cycle_1",1
"1290","virus_comp_13312_cycle_1",1
"1291","virus_comp_13320_cycle_1",1
"1292","virus_comp_13323_cycle_1",1
"1293","virus_comp_1333_cycle_1",1
"1294","virus_comp_13337_cycle_1",1
"1295","virus_comp_13347_cycle_1",1
"1296","virus_comp_13348_cycle_1",1
"1297","virus_comp_13384_cycle_1",1
"1298","virus_comp_13407_cycle_1",1
"1299","virus_comp_13410_cycle_1",1
"1300","virus_comp_13419_cycle_1",1
"1301","virus_comp_13441_cycle_1",1
"1302","virus_comp_13448_cycle_1",1
"1303","virus_comp_13459_cycle_1",1
"1304","virus_comp_13464_cycle_1",1
"1305","virus_comp_13483_cycle_1",1
"1306","virus_comp_13494_cycle_1",1
"1307","virus_comp_13498_cycle_1",1
"1308","virus_comp_1352_cycle_1",1
"1309","virus_comp_13522_cycle_1",1
"1310","virus_comp_13554_cycle_1",1
"1311","virus_comp_13564_cycle_1",1
"1312","virus_comp_1358_cycle_1",1
"1313","virus_comp_13592_cycle_1",1
"1314","virus_comp_13601_cycle_1",1
"1315","virus_comp_13602_cycle_1",1
"1316","virus_comp_13619_cycle_1",1
"1317","virus_comp_13630_cycle_1",1
"1318","virus_comp_13636_cycle_1",1
"1319","virus_comp_13639_cycle_1",1
"1320","virus_comp_13644_cycle_1",1
"1321","virus_comp_13648_cycle_1",1
"1322","virus_comp_13655_cycle_1",1
"1323","virus_comp_13696_cycle_1",1
"1324","virus_comp_13705_cycle_1",1
"1325","virus_comp_13726_cycle_1",1
"1326","virus_comp_13734_cycle_1",1
"1327","virus_comp_13756_cycle_1",1
"1328","virus_comp_13771_cycle_1",1
"1329","virus_comp_13775_cycle_1",1
"1330","virus_comp_13811_cycle_1",1
"1331","virus_comp_13818_cycle_1",1
"1332","virus_comp_1384_cycle_1",1
"1333","virus_comp_13844_cycle_1",1
"1334","virus_comp_13850_cycle_1",1
"1335","virus_comp_13856_cycle_1",1
"1336","virus_comp_13871_cycle_1",1
"1337","virus_comp_13878_cycle_1",1
"1338","virus_comp_13880_cycle_1",1
"1339","virus_comp_13886_cycle_1",1
"1340","virus_comp_13896_cycle_1",1
"1341","virus_comp_13915_cycle_1",1
"1342","virus_comp_13919_cycle_1",1
"1343","virus_comp_13924_cycle_1",1
"1344","virus_comp_13925_cycle_1",1
"1345","virus_comp_1394_cycle_1",1
"1346","virus_comp_13942_cycle_1",1
"1347","virus_comp_13951_cycle_1",1
"1348","virus_comp_1397_cycle_1",1
"1349","virus_comp_13982_cycle_1",1
"1350","virus_comp_14004_cycle_1",1
"1351","virus_comp_1401_cycle_1",1
"1352","virus_comp_14032_cycle_1",1
"1353","virus_comp_14034_cycle_1",1
"1354","virus_comp_14042_cycle_1",1
"1355","virus_comp_14048_cycle_1",1
"1356","virus_comp_14055_cycle_1",1
"1357","virus_comp_14059_cycle_1",1
"1358","virus_comp_1406_cycle_1",1
"1359","virus_comp_14093_cycle_1",1
"1360","virus_comp_14102_cycle_1",1
"1361","virus_comp_14113_cycle_1",1
"1362","virus_comp_14148_cycle_1",1
"1363","virus_comp_14158_cycle_1",1
"1364","virus_comp_14187_cycle_1",1
"1365","virus_comp_14190_cycle_1",1
"1366","virus_comp_14225_cycle_1",1
"1367","virus_comp_14233_cycle_1",1
"1368","virus_comp_14241_cycle_1",1
"1369","virus_comp_14264_cycle_1",1
"1370","virus_comp_14265_cycle_1",1
"1371","virus_comp_14280_cycle_1",1
"1372","virus_comp_14281_cycle_1",1
"1373","virus_comp_14286_cycle_1",1
"1374","virus_comp_14288_cycle_1",1
"1375","virus_comp_14361_cycle_1",1
"1376","virus_comp_14362_cycle_1",1
"1377","virus_comp_14373_cycle_1",1
"1378","virus_comp_14374_cycle_1",1
"1379","virus_comp_14383_cycle_1",1
"1380","virus_comp_14384_cycle_1",1
"1381","virus_comp_1441_cycle_1",1
"1382","virus_comp_14413_cycle_1",1
"1383","virus_comp_1442_cycle_1",1
"1384","virus_comp_1443_cycle_1",1
"1385","virus_comp_14433_cycle_1",1
"1386","virus_comp_14441_cycle_1",1
"1387","virus_comp_14448_cycle_1",1
"1388","virus_comp_14449_cycle_1",1
"1389","virus_comp_1445_cycle_1",1
"1390","virus_comp_14461_cycle_1",1
"1391","virus_comp_14477_cycle_1",1
"1392","virus_comp_14491_cycle_1",1
"1393","virus_comp_14496_cycle_1",1
"1394","virus_comp_14497_cycle_1",1
"1395","virus_comp_14504_cycle_1",1
"1396","virus_comp_14506_cycle_1",1
"1397","virus_comp_14514_cycle_1",1
"1398","virus_comp_14544_cycle_1",1
"1399","virus_comp_14550_cycle_1",1
"1400","virus_comp_1456_cycle_1",1
"1401","virus_comp_1458_cycle_1",1
"1402","virus_comp_14581_cycle_1",1
"1403","virus_comp_14587_cycle_1",1
"1404","virus_comp_14593_cycle_1",1
"1405","virus_comp_14597_cycle_1",1
"1406","virus_comp_1460_cycle_1",1
"1407","virus_comp_1461_cycle_1",1
"1408","virus_comp_14619_cycle_1",1
"1409","virus_comp_14629_cycle_1",1
"1410","virus_comp_14647_cycle_1",1
"1411","virus_comp_14652_cycle_1",1
"1412","virus_comp_14672_cycle_1",1
"1413","virus_comp_14680_cycle_1",1
"1414","virus_comp_14684_cycle_1",1
"1415","virus_comp_14698_cycle_1",1
"1416","virus_comp_14741_cycle_1",1
"1417","virus_comp_14750_cycle_1",1
"1418","virus_comp_14758_cycle_1",1
"1419","virus_comp_14768_cycle_1",1
"1420","virus_comp_14770_cycle_1",1
"1421","virus_comp_14821_cycle_1",1
"1422","virus_comp_14850_cycle_1",1
"1423","virus_comp_14854_cycle_1",1
"1424","virus_comp_14865_cycle_1",1
"1425","virus_comp_1488_cycle_1",1
"1426","virus_comp_14892_cycle_1",1
"1427","virus_comp_14897_cycle_1",1
"1428","virus_comp_14906_cycle_1",1
"1429","virus_comp_14909_cycle_1",1
"1430","virus_comp_14916_cycle_1",1
"1431","virus_comp_14926_cycle_1",1
"1432","virus_comp_1493_cycle_1",1
"1433","virus_comp_14946_cycle_1",1
"1434","virus_comp_1499_cycle_1",1
"1435","virus_comp_15002_cycle_1",1
"1436","virus_comp_15015_cycle_1",1
"1437","virus_comp_15016_cycle_1",1
"1438","virus_comp_15085_cycle_1",1
"1439","virus_comp_15092_cycle_1",1
"1440","virus_comp_15096_cycle_1",1
"1441","virus_comp_15099_cycle_1",1
"1442","virus_comp_15111_cycle_1",1
"1443","virus_comp_15112_cycle_1",1
"1444","virus_comp_15118_cycle_1",1
"1445","virus_comp_1513_cycle_1",1
"1446","virus_comp_15151_cycle_1",1
"1447","virus_comp_15169_cycle_1",1
"1448","virus_comp_15188_cycle_1",1
"1449","virus_comp_15200_cycle_1",1
"1450","virus_comp_15213_cycle_1",1
"1451","virus_comp_15215_cycle_1",1
"1452","virus_comp_1522_cycle_1",1
"1453","virus_comp_15226_cycle_1",1
"1454","virus_comp_15229_cycle_1",1
"1455","virus_comp_1523_cycle_1",1
"1456","virus_comp_15238_cycle_1",1
"1457","virus_comp_15267_cycle_1",1
"1458","virus_comp_15271_cycle_1",1
"1459","virus_comp_15294_cycle_1",1
"1460","virus_comp_1530_cycle_1",1
"1461","virus_comp_15309_cycle_1",1
"1462","virus_comp_15318_cycle_1",1
"1463","virus_comp_154_cycle_1",1
"1464","virus_comp_15403_cycle_1",1
"1465","virus_comp_15411_cycle_1",1
"1466","virus_comp_15417_cycle_1",1
"1467","virus_comp_15419_cycle_1",1
"1468","virus_comp_15421_cycle_1",1
"1469","virus_comp_15422_cycle_1",1
"1470","virus_comp_15423_cycle_1",1
"1471","virus_comp_15433_cycle_1",1
"1472","virus_comp_15439_cycle_1",1
"1473","virus_comp_15467_cycle_1",1
"1474","virus_comp_15475_cycle_1",1
"1475","virus_comp_15479_cycle_1",1
"1476","virus_comp_15484_cycle_1",1
"1477","virus_comp_15487_cycle_1",1
"1478","virus_comp_15512_cycle_1",1
"1479","virus_comp_15515_cycle_1",1
"1480","virus_comp_15529_cycle_1",1
"1481","virus_comp_1553_cycle_1",1
"1482","virus_comp_15535_cycle_1",1
"1483","virus_comp_15545_cycle_1",1
"1484","virus_comp_15553_cycle_1",1
"1485","virus_comp_15565_cycle_1",1
"1486","virus_comp_1557_cycle_1",1
"1487","virus_comp_15602_cycle_1",1
"1488","virus_comp_15630_cycle_1",1
"1489","virus_comp_15642_cycle_1",1
"1490","virus_comp_1565_cycle_1",1
"1491","virus_comp_15655_cycle_1",1
"1492","virus_comp_15663_cycle_1",1
"1493","virus_comp_15666_cycle_1",1
"1494","virus_comp_15671_cycle_1",1
"1495","virus_comp_15677_cycle_1",1
"1496","virus_comp_15678_cycle_1",1
"1497","virus_comp_15679_cycle_1",1
"1498","virus_comp_1569_cycle_1",1
"1499","virus_comp_15690_cycle_1",1
"1500","virus_comp_15691_cycle_1",1
"1501","virus_comp_157_cycle_1",1
"1502","virus_comp_15707_cycle_1",1
"1503","virus_comp_15708_cycle_1",1
"1504","virus_comp_15739_cycle_1",1
"1505","virus_comp_1576_cycle_1",1
"1506","virus_comp_15765_cycle_1",1
"1507","virus_comp_15771_cycle_1",1
"1508","virus_comp_15792_cycle_1",1
"1509","virus_comp_15804_cycle_1",1
"1510","virus_comp_15807_cycle_1",1
"1511","virus_comp_15808_cycle_1",1
"1512","virus_comp_15824_cycle_1",1
"1513","virus_comp_15826_cycle_1",1
"1514","virus_comp_15829_cycle_1",1
"1515","virus_comp_15839_cycle_1",1
"1516","virus_comp_15840_cycle_1",1
"1517","virus_comp_15842_cycle_1",1
"1518","virus_comp_15856_cycle_1",1
"1519","virus_comp_15880_cycle_1",1
"1520","virus_comp_15895_cycle_1",1
"1521","virus_comp_15898_cycle_1",1
"1522","virus_comp_15903_cycle_1",1
"1523","virus_comp_15923_cycle_1",1
"1524","virus_comp_15931_cycle_1",1
"1525","virus_comp_15939_cycle_1",1
"1526","virus_comp_15959_cycle_1",1
"1527","virus_comp_15968_cycle_1",1
"1528","virus_comp_15984_cycle_1",1
"1529","virus_comp_15999_cycle_1",1
"1530","virus_comp_16020_cycle_1",1
"1531","virus_comp_16032_cycle_1",1
"1532","virus_comp_16047_cycle_1",1
"1533","virus_comp_16049_cycle_1",1
"1534","virus_comp_16055_cycle_1",1
"1535","virus_comp_16056_cycle_1",1
"1536","virus_comp_16084_cycle_1",1
"1537","virus_comp_16086_cycle_1",1
"1538","virus_comp_1610_cycle_1",1
"1539","virus_comp_16100_cycle_1",1
"1540","virus_comp_16116_cycle_1",1
"1541","virus_comp_1612_cycle_1",1
"1542","virus_comp_16120_cycle_1",1
"1543","virus_comp_1614_cycle_1",1
"1544","virus_comp_16157_cycle_1",1
"1545","virus_comp_1616_cycle_1",1
"1546","virus_comp_16166_cycle_1",1
"1547","virus_comp_16168_cycle_1",1
"1548","virus_comp_1617_cycle_1",1
"1549","virus_comp_16176_cycle_1",1
"1550","virus_comp_1621_cycle_1",1
"1551","virus_comp_16240_cycle_1",1
"1552","virus_comp_16246_cycle_1",1
"1553","virus_comp_16254_cycle_1",1
"1554","virus_comp_16256_cycle_1",1
"1555","virus_comp_1626_cycle_1",1
"1556","virus_comp_16268_cycle_1",1
"1557","virus_comp_16294_cycle_1",1
"1558","virus_comp_16340_cycle_1",1
"1559","virus_comp_16348_cycle_1",1
"1560","virus_comp_16349_cycle_1",1
"1561","virus_comp_1635_cycle_1",1
"1562","virus_comp_16350_cycle_1",1
"1563","virus_comp_16351_cycle_1",1
"1564","virus_comp_1636_cycle_1",1
"1565","virus_comp_16362_cycle_1",1
"1566","virus_comp_16367_cycle_1",1
"1567","virus_comp_16369_cycle_1",1
"1568","virus_comp_16380_cycle_1",1
"1569","virus_comp_16384_cycle_1",1
"1570","virus_comp_1641_cycle_1",1
"1571","virus_comp_1642_cycle_1",1
"1572","virus_comp_16423_cycle_1",1
"1573","virus_comp_16462_cycle_1",1
"1574","virus_comp_1648_cycle_1",1
"1575","virus_comp_16504_cycle_1",1
"1576","virus_comp_16507_cycle_1",1
"1577","virus_comp_16535_cycle_1",1
"1578","virus_comp_16539_cycle_1",1
"1579","virus_comp_16564_cycle_1",1
"1580","virus_comp_16573_cycle_1",1
"1581","virus_comp_16600_cycle_1",1
"1582","virus_comp_16610_cycle_1",1
"1583","virus_comp_16618_cycle_1",1
"1584","virus_comp_16642_cycle_1",1
"1585","virus_comp_16644_cycle_1",1
"1586","virus_comp_16681_cycle_1",1
"1587","virus_comp_16689_cycle_1",1
"1588","virus_comp_1669_cycle_1",1
"1589","virus_comp_1670_cycle_1",1
"1590","virus_comp_16707_cycle_1",1
"1591","virus_comp_16719_cycle_1",1
"1592","virus_comp_16729_cycle_1",1
"1593","virus_comp_1673_cycle_1",1
"1594","virus_comp_16730_cycle_1",1
"1595","virus_comp_16758_cycle_1",1
"1596","virus_comp_16760_cycle_1",1
"1597","virus_comp_16762_cycle_1",1
"1598","virus_comp_16775_cycle_1",1
"1599","virus_comp_1678_cycle_1",1
"1600","virus_comp_16781_cycle_1",1
"1601","virus_comp_16793_cycle_1",1
"1602","virus_comp_16794_cycle_1",1
"1603","virus_comp_16809_cycle_1",1
"1604","virus_comp_16818_cycle_1",1
"1605","virus_comp_16846_cycle_1",1
"1606","virus_comp_16872_cycle_1",1
"1607","virus_comp_16877_cycle_1",1
"1608","virus_comp_1688_cycle_1",1
"1609","virus_comp_16889_cycle_1",1
"1610","virus_comp_16899_cycle_1",1
"1611","virus_comp_16910_cycle_1",1
"1612","virus_comp_16933_cycle_1",1
"1613","virus_comp_16941_cycle_1",1
"1614","virus_comp_16957_cycle_1",1
"1615","virus_comp_16968_cycle_1",1
"1616","virus_comp_16970_cycle_1",1
"1617","virus_comp_16988_cycle_1",1
"1618","virus_comp_16990_cycle_1",1
"1619","virus_comp_16998_cycle_1",1
"1620","virus_comp_17016_cycle_1",1
"1621","virus_comp_17017_cycle_1",1
"1622","virus_comp_1702_cycle_1",1
"1623","virus_comp_17020_cycle_1",1
"1624","virus_comp_17038_cycle_1",1
"1625","virus_comp_17048_cycle_1",1
"1626","virus_comp_17050_cycle_1",1
"1627","virus_comp_17062_cycle_1",1
"1628","virus_comp_17071_cycle_1",1
"1629","virus_comp_17072_cycle_1",1
"1630","virus_comp_17076_cycle_1",1
"1631","virus_comp_17077_cycle_1",1
"1632","virus_comp_1708_cycle_1",1
"1633","virus_comp_17101_cycle_1",1
"1634","virus_comp_17109_cycle_1",1
"1635","virus_comp_17114_cycle_1",1
"1636","virus_comp_17116_cycle_1",1
"1637","virus_comp_17117_cycle_1",1
"1638","virus_comp_17124_cycle_1",1
"1639","virus_comp_17129_cycle_1",1
"1640","virus_comp_17168_cycle_1",1
"1641","virus_comp_17193_cycle_1",1
"1642","virus_comp_17197_cycle_1",1
"1643","virus_comp_17200_cycle_1",1
"1644","virus_comp_17202_cycle_1",1
"1645","virus_comp_17206_cycle_1",1
"1646","virus_comp_17208_cycle_1",1
"1647","virus_comp_17210_cycle_1",1
"1648","virus_comp_17217_cycle_1",1
"1649","virus_comp_17219_cycle_1",1
"1650","virus_comp_17227_cycle_1",1
"1651","virus_comp_1723_cycle_1",1
"1652","virus_comp_17242_cycle_1",1
"1653","virus_comp_17251_cycle_1",1
"1654","virus_comp_17260_cycle_1",1
"1655","virus_comp_1728_cycle_1",1
"1656","virus_comp_17289_cycle_1",1
"1657","virus_comp_17290_cycle_1",1
"1658","virus_comp_17296_cycle_1",1
"1659","virus_comp_17304_cycle_1",1
"1660","virus_comp_17305_cycle_1",1
"1661","virus_comp_17313_cycle_1",1
"1662","virus_comp_17316_cycle_1",1
"1663","virus_comp_1732_cycle_1",1
"1664","virus_comp_17320_cycle_1",1
"1665","virus_comp_17327_cycle_1",1
"1666","virus_comp_17329_cycle_1",1
"1667","virus_comp_17336_cycle_1",1
"1668","virus_comp_17345_cycle_1",1
"1669","virus_comp_17348_cycle_1",1
"1670","virus_comp_17351_cycle_1",1
"1671","virus_comp_17355_cycle_1",1
"1672","virus_comp_17364_cycle_1",1
"1673","virus_comp_17365_cycle_1",1
"1674","virus_comp_17367_cycle_1",1
"1675","virus_comp_17370_cycle_1",1
"1676","virus_comp_17373_cycle_1",1
"1677","virus_comp_17374_cycle_1",1
"1678","virus_comp_17377_cycle_1",1
"1679","virus_comp_17389_cycle_1",1
"1680","virus_comp_17391_cycle_1",1
"1681","virus_comp_17417_cycle_1",1
"1682","virus_comp_17433_cycle_1",1
"1683","virus_comp_1744_cycle_1",1
"1684","virus_comp_17444_cycle_1",1
"1685","virus_comp_17450_cycle_1",1
"1686","virus_comp_17465_cycle_1",1
"1687","virus_comp_17474_cycle_1",1
"1688","virus_comp_17479_cycle_1",1
"1689","virus_comp_1749_cycle_1",1
"1690","virus_comp_17503_cycle_1",1
"1691","virus_comp_17516_cycle_1",1
"1692","virus_comp_17518_cycle_1",1
"1693","virus_comp_17529_cycle_1",1
"1694","virus_comp_17541_cycle_1",1
"1695","virus_comp_17564_cycle_1",1
"1696","virus_comp_17568_cycle_1",1
"1697","virus_comp_1757_cycle_1",1
"1698","virus_comp_17574_cycle_1",1
"1699","virus_comp_17575_cycle_1",1
"1700","virus_comp_17580_cycle_1",1
"1701","virus_comp_17599_cycle_1",1
"1702","virus_comp_176_cycle_1",1
"1703","virus_comp_17602_cycle_1",1
"1704","virus_comp_17607_cycle_1",1
"1705","virus_comp_17621_cycle_1",1
"1706","virus_comp_17628_cycle_1",1
"1707","virus_comp_1763_cycle_1",1
"1708","virus_comp_17632_cycle_1",1
"1709","virus_comp_17643_cycle_1",1
"1710","virus_comp_17646_cycle_1",1
"1711","virus_comp_17653_cycle_1",1
"1712","virus_comp_17659_cycle_1",1
"1713","virus_comp_1766_cycle_1",1
"1714","virus_comp_17662_cycle_1",1
"1715","virus_comp_17664_cycle_1",1
"1716","virus_comp_17670_cycle_1",1
"1717","virus_comp_17675_cycle_1",1
"1718","virus_comp_17688_cycle_1",1
"1719","virus_comp_1774_cycle_1",1
"1720","virus_comp_17746_cycle_1",1
"1721","virus_comp_1775_cycle_1",1
"1722","virus_comp_17754_cycle_1",1
"1723","virus_comp_17764_cycle_1",1
"1724","virus_comp_178_cycle_1",1
"1725","virus_comp_17808_cycle_1",1
"1726","virus_comp_17830_cycle_1",1
"1727","virus_comp_17835_cycle_1",1
"1728","virus_comp_1784_cycle_1",1
"1729","virus_comp_1785_cycle_1",1
"1730","virus_comp_17853_cycle_1",1
"1731","virus_comp_17861_cycle_1",1
"1732","virus_comp_17864_cycle_1",1
"1733","virus_comp_1787_cycle_1",1
"1734","virus_comp_17897_cycle_1",1
"1735","virus_comp_179_cycle_1",1
"1736","virus_comp_17902_cycle_1",1
"1737","virus_comp_180_cycle_1",1
"1738","virus_comp_18019_cycle_1",1
"1739","virus_comp_1802_cycle_1",1
"1740","virus_comp_18036_cycle_1",1
"1741","virus_comp_18037_cycle_1",1
"1742","virus_comp_1805_cycle_1",1
"1743","virus_comp_18055_cycle_1",1
"1744","virus_comp_18057_cycle_1",1
"1745","virus_comp_18083_cycle_1",1
"1746","virus_comp_181_cycle_1",1
"1747","virus_comp_18100_cycle_1",1
"1748","virus_comp_18108_cycle_1",1
"1749","virus_comp_18122_cycle_1",1
"1750","virus_comp_18136_cycle_1",1
"1751","virus_comp_18142_cycle_1",1
"1752","virus_comp_1815_cycle_1",1
"1753","virus_comp_18165_cycle_1",1
"1754","virus_comp_1818_cycle_1",1
"1755","virus_comp_182_cycle_1",1
"1756","virus_comp_1821_cycle_1",1
"1757","virus_comp_1846_cycle_1",1
"1758","virus_comp_1852_cycle_1",1
"1759","virus_comp_1853_cycle_1",1
"1760","virus_comp_1855_cycle_1",1
"1761","virus_comp_186_cycle_1",1
"1762","virus_comp_1865_cycle_1",1
"1763","virus_comp_1886_cycle_1",1
"1764","virus_comp_1903_cycle_1",1
"1765","virus_comp_1909_cycle_1",1
"1766","virus_comp_192_cycle_1",1
"1767","virus_comp_193_cycle_1",1
"1768","virus_comp_1931_cycle_1",1
"1769","virus_comp_1932_cycle_1",1
"1770","virus_comp_1933_cycle_1",1
"1771","virus_comp_1937_cycle_1",1
"1772","virus_comp_1957_cycle_1",1
"1773","virus_comp_1965_cycle_1",1
"1774","virus_comp_1969_cycle_1",1
"1775","virus_comp_1973_cycle_1",1
"1776","virus_comp_1982_cycle_1",1
"1777","virus_comp_2018_cycle_1",1
"1778","virus_comp_2029_cycle_1",1
"1779","virus_comp_2032_cycle_1",1
"1780","virus_comp_206_cycle_1",1
"1781","virus_comp_2078_cycle_1",1
"1782","virus_comp_2089_cycle_1",1
"1783","virus_comp_2124_cycle_1",1
"1784","virus_comp_2136_cycle_1",1
"1785","virus_comp_2144_cycle_1",1
"1786","virus_comp_2145_cycle_1",1
"1787","virus_comp_2153_cycle_1",1
"1788","virus_comp_2169_cycle_1",1
"1789","virus_comp_2177_cycle_1",1
"1790","virus_comp_2179_cycle_1",1
"1791","virus_comp_2184_cycle_1",1
"1792","virus_comp_2204_cycle_1",1
"1793","virus_comp_2212_cycle_1",1
"1794","virus_comp_2223_cycle_1",1
"1795","virus_comp_2226_cycle_1",1
"1796","virus_comp_2273_cycle_1",1
"1797","virus_comp_2279_cycle_1",1
"1798","virus_comp_2281_cycle_1",1
"1799","virus_comp_2293_cycle_1",1
"1800","virus_comp_2302_cycle_1",1
"1801","virus_comp_2305_cycle_1",1
"1802","virus_comp_2311_cycle_1",1
"1803","virus_comp_2312_cycle_1",1
"1804","virus_comp_2314_cycle_1",1
"1805","virus_comp_2326_cycle_1",1
"1806","virus_comp_2338_cycle_1",1
"1807","virus_comp_2339_cycle_1",1
"1808","virus_comp_2341_cycle_1",1
"1809","virus_comp_2343_cycle_1",1
"1810","virus_comp_2350_cycle_1",1
"1811","virus_comp_2351_cycle_1",1
"1812","virus_comp_2353_cycle_1",1
"1813","virus_comp_2360_cycle_1",1
"1814","virus_comp_2371_cycle_1",1
"1815","virus_comp_2374_cycle_1",1
"1816","virus_comp_2387_cycle_1",1
"1817","virus_comp_240_cycle_1",1
"1818","virus_comp_2400_cycle_1",1
"1819","virus_comp_2401_cycle_1",1
"1820","virus_comp_2408_cycle_1",1
"1821","virus_comp_2412_cycle_1",1
"1822","virus_comp_2413_cycle_1",1
"1823","virus_comp_2416_cycle_1",1
"1824","virus_comp_2419_cycle_1",1
"1825","virus_comp_2421_cycle_1",1
"1826","virus_comp_2425_cycle_1",1
"1827","virus_comp_2446_cycle_1",1
"1828","virus_comp_2448_cycle_1",1
"1829","virus_comp_2458_cycle_1",1
"1830","virus_comp_2459_cycle_1",1
"1831","virus_comp_2461_cycle_1",1
"1832","virus_comp_2467_cycle_1",1
"1833","virus_comp_2477_cycle_1",1
"1834","virus_comp_249_cycle_1",1
"1835","virus_comp_2490_cycle_1",1
"1836","virus_comp_2496_cycle_1",1
"1837","virus_comp_251_cycle_1",1
"1838","virus_comp_2510_cycle_1",1
"1839","virus_comp_2525_cycle_1",1
"1840","virus_comp_2533_cycle_1",1
"1841","virus_comp_2564_cycle_1",1
"1842","virus_comp_2568_cycle_1",1
"1843","virus_comp_2571_cycle_1",1
"1844","virus_comp_2580_cycle_1",1
"1845","virus_comp_2585_cycle_1",1
"1846","virus_comp_2607_cycle_1",1
"1847","virus_comp_2613_cycle_1",1
"1848","virus_comp_262_cycle_1",1
"1849","virus_comp_2622_cycle_1",1
"1850","virus_comp_2629_cycle_1",1
"1851","virus_comp_2653_cycle_1",1
"1852","virus_comp_2657_cycle_1",1
"1853","virus_comp_266_cycle_1",1
"1854","virus_comp_267_cycle_1",1
"1855","virus_comp_2679_cycle_1",1
"1856","virus_comp_2689_cycle_1",1
"1857","virus_comp_2692_cycle_1",1
"1858","virus_comp_2696_cycle_1",1
"1859","virus_comp_2697_cycle_1",1
"1860","virus_comp_2707_cycle_1",1
"1861","virus_comp_2716_cycle_1",1
"1862","virus_comp_2723_cycle_1",1
"1863","virus_comp_2729_cycle_1",1
"1864","virus_comp_2731_cycle_1",1
"1865","virus_comp_2732_cycle_1",1
"1866","virus_comp_2734_cycle_1",1
"1867","virus_comp_2743_cycle_1",1
"1868","virus_comp_2748_cycle_1",1
"1869","virus_comp_2771_cycle_1",1
"1870","virus_comp_2777_cycle_1",1
"1871","virus_comp_2782_cycle_1",1
"1872","virus_comp_2783_cycle_1",1
"1873","virus_comp_2791_cycle_1",1
"1874","virus_comp_2793_cycle_1",1
"1875","virus_comp_2811_cycle_1",1
"1876","virus_comp_2813_cycle_1",1
"1877","virus_comp_2814_cycle_1",1
"1878","virus_comp_2816_cycle_1",1
"1879","virus_comp_2845_cycle_1",1
"1880","virus_comp_2846_cycle_1",1
"1881","virus_comp_2852_cycle_1",1
"1882","virus_comp_2875_cycle_1",1
"1883","virus_comp_2880_cycle_1",1
"1884","virus_comp_2882_cycle_1",1
"1885","virus_comp_2883_cycle_1",1
"1886","virus_comp_2887_cycle_1",1
"1887","virus_comp_2890_cycle_1",1
"1888","virus_comp_2904_cycle_1",1
"1889","virus_comp_291_cycle_1",1
"1890","virus_comp_292_cycle_1",1
"1891","virus_comp_2934_cycle_1",1
"1892","virus_comp_2952_cycle_1",1
"1893","virus_comp_2973_cycle_1",1
"1894","virus_comp_2985_cycle_1",1
"1895","virus_comp_2989_cycle_1",1
"1896","virus_comp_2990_cycle_1",1
"1897","virus_comp_2996_cycle_1",1
"1898","virus_comp_3008_cycle_1",1
"1899","virus_comp_3014_cycle_1",1
"1900","virus_comp_3041_cycle_1",1
"1901","virus_comp_3045_cycle_1",1
"1902","virus_comp_3054_cycle_1",1
"1903","virus_comp_3066_cycle_1",1
"1904","virus_comp_3069_cycle_1",1
"1905","virus_comp_307_cycle_1",1
"1906","virus_comp_3111_cycle_1",1
"1907","virus_comp_3121_cycle_1",1
"1908","virus_comp_3123_cycle_1",1
"1909","virus_comp_3133_cycle_1",1
"1910","virus_comp_3141_cycle_1",1
"1911","virus_comp_3146_cycle_1",1
"1912","virus_comp_316_cycle_1",1
"1913","virus_comp_3161_cycle_1",1
"1914","virus_comp_317_cycle_1",1
"1915","virus_comp_3173_cycle_1",1
"1916","virus_comp_3179_cycle_1",1
"1917","virus_comp_3185_cycle_1",1
"1918","virus_comp_321_cycle_1",1
"1919","virus_comp_3217_cycle_1",1
"1920","virus_comp_3228_cycle_1",1
"1921","virus_comp_323_cycle_1",1
"1922","virus_comp_3239_cycle_1",1
"1923","virus_comp_3243_cycle_1",1
"1924","virus_comp_3246_cycle_1",1
"1925","virus_comp_3259_cycle_1",1
"1926","virus_comp_3265_cycle_1",1
"1927","virus_comp_3267_cycle_1",1
"1928","virus_comp_3273_cycle_1",1
"1929","virus_comp_3296_cycle_1",1
"1930","virus_comp_3304_cycle_1",1
"1931","virus_comp_3306_cycle_1",1
"1932","virus_comp_3311_cycle_1",1
"1933","virus_comp_3313_cycle_1",1
"1934","virus_comp_3326_cycle_1",1
"1935","virus_comp_3336_cycle_1",1
"1936","virus_comp_3344_cycle_1",1
"1937","virus_comp_3350_cycle_1",1
"1938","virus_comp_3361_cycle_1",1
"1939","virus_comp_3377_cycle_1",1
"1940","virus_comp_3381_cycle_1",1
"1941","virus_comp_3383_cycle_1",1
"1942","virus_comp_3410_cycle_1",1
"1943","virus_comp_3420_cycle_1",1
"1944","virus_comp_3434_cycle_1",1
"1945","virus_comp_3440_cycle_1",1
"1946","virus_comp_3441_cycle_1",1
"1947","virus_comp_3444_cycle_1",1
"1948","virus_comp_3450_cycle_1",1
"1949","virus_comp_347_cycle_1",1
"1950","virus_comp_3472_cycle_1",1
"1951","virus_comp_3493_cycle_1",1
"1952","virus_comp_350_cycle_1",1
"1953","virus_comp_3502_cycle_1",1
"1954","virus_comp_3507_cycle_1",1
"1955","virus_comp_3510_cycle_1",1
"1956","virus_comp_3514_cycle_1",1
"1957","virus_comp_352_cycle_1",1
"1958","virus_comp_3529_cycle_1",1
"1959","virus_comp_3534_cycle_1",1
"1960","virus_comp_3541_cycle_1",1
"1961","virus_comp_3549_cycle_1",1
"1962","virus_comp_3550_cycle_1",1
"1963","virus_comp_358_cycle_1",1
"1964","virus_comp_3586_cycle_1",1
"1965","virus_comp_359_cycle_1",1
"1966","virus_comp_360_cycle_1",1
"1967","virus_comp_3605_cycle_1",1
"1968","virus_comp_3615_cycle_1",1
"1969","virus_comp_3629_cycle_1",1
"1970","virus_comp_363_cycle_1",1
"1971","virus_comp_3637_cycle_1",1
"1972","virus_comp_364_cycle_1",1
"1973","virus_comp_3644_cycle_1",1
"1974","virus_comp_366_cycle_1",1
"1975","virus_comp_3665_cycle_1",1
"1976","virus_comp_3668_cycle_1",1
"1977","virus_comp_367_cycle_1",1
"1978","virus_comp_3670_cycle_1",1
"1979","virus_comp_3681_cycle_1",1
"1980","virus_comp_369_cycle_1",1
"1981","virus_comp_3690_cycle_1",1
"1982","virus_comp_3696_cycle_1",1
"1983","virus_comp_3697_cycle_1",1
"1984","virus_comp_3706_cycle_1",1
"1985","virus_comp_3714_cycle_1",1
"1986","virus_comp_3718_cycle_1",1
"1987","virus_comp_3726_cycle_1",1
"1988","virus_comp_3727_cycle_1",1
"1989","virus_comp_3728_cycle_1",1
"1990","virus_comp_375_cycle_1",1
"1991","virus_comp_3757_cycle_1",1
"1992","virus_comp_376_cycle_1",1
"1993","virus_comp_3765_cycle_1",1
"1994","virus_comp_377_cycle_1",1
"1995","virus_comp_3773_cycle_1",1
"1996","virus_comp_3782_cycle_1",1
"1997","virus_comp_379_cycle_1",1
"1998","virus_comp_3792_cycle_1",1
"1999","virus_comp_381_cycle_1",1
"2000","virus_comp_384_cycle_1",1
"2001","virus_comp_3858_cycle_1",1
"2002","virus_comp_3864_cycle_1",1
"2003","virus_comp_3867_cycle_1",1
"2004","virus_comp_387_cycle_1",1
"2005","virus_comp_3886_cycle_1",1
"2006","virus_comp_3887_cycle_1",1
"2007","virus_comp_389_cycle_1",1
"2008","virus_comp_3897_cycle_1",1
"2009","virus_comp_390_cycle_1",1
"2010","virus_comp_392_cycle_1",1
"2011","virus_comp_3925_cycle_1",1
"2012","virus_comp_3928_cycle_1",1
"2013","virus_comp_394_cycle_1",1
"2014","virus_comp_3941_cycle_1",1
"2015","virus_comp_396_cycle_1",1
"2016","virus_comp_401_cycle_1",1
"2017","virus_comp_4023_cycle_1",1
"2018","virus_comp_4032_cycle_1",1
"2019","virus_comp_405_cycle_1",1
"2020","virus_comp_4055_cycle_1",1
"2021","virus_comp_4061_cycle_1",1
"2022","virus_comp_4075_cycle_1",1
"2023","virus_comp_409_cycle_1",1
"2024","virus_comp_4101_cycle_1",1
"2025","virus_comp_4110_cycle_1",1
"2026","virus_comp_4128_cycle_1",1
"2027","virus_comp_4132_cycle_1",1
"2028","virus_comp_4139_cycle_1",1
"2029","virus_comp_4165_cycle_1",1
"2030","virus_comp_4171_cycle_1",1
"2031","virus_comp_4183_cycle_1",1
"2032","virus_comp_4194_cycle_1",1
"2033","virus_comp_4197_cycle_1",1
"2034","virus_comp_4208_cycle_1",1
"2035","virus_comp_4212_cycle_1",1
"2036","virus_comp_4220_cycle_1",1
"2037","virus_comp_4221_cycle_1",1
"2038","virus_comp_4224_cycle_1",1
"2039","virus_comp_4248_cycle_1",1
"2040","virus_comp_427_cycle_1",1
"2041","virus_comp_4270_cycle_1",1
"2042","virus_comp_4271_cycle_1",1
"2043","virus_comp_4272_cycle_1",1
"2044","virus_comp_4276_cycle_1",1
"2045","virus_comp_4277_cycle_1",1
"2046","virus_comp_4291_cycle_1",1
"2047","virus_comp_4300_cycle_1",1
"2048","virus_comp_4303_cycle_1",1
"2049","virus_comp_431_cycle_1",1
"2050","virus_comp_4320_cycle_1",1
"2051","virus_comp_4327_cycle_1",1
"2052","virus_comp_433_cycle_1",1
"2053","virus_comp_4346_cycle_1",1
"2054","virus_comp_4352_cycle_1",1
"2055","virus_comp_4367_cycle_1",1
"2056","virus_comp_4369_cycle_1",1
"2057","virus_comp_4395_cycle_1",1
"2058","virus_comp_4396_cycle_1",1
"2059","virus_comp_4399_cycle_1",1
"2060","virus_comp_4409_cycle_1",1
"2061","virus_comp_4468_cycle_1",1
"2062","virus_comp_4473_cycle_1",1
"2063","virus_comp_4476_cycle_1",1
"2064","virus_comp_4484_cycle_1",1
"2065","virus_comp_451_cycle_1",1
"2066","virus_comp_4511_cycle_1",1
"2067","virus_comp_454_cycle_1",1
"2068","virus_comp_4549_cycle_1",1
"2069","virus_comp_4553_cycle_1",1
"2070","virus_comp_4564_cycle_1",1
"2071","virus_comp_458_cycle_1",1
"2072","virus_comp_4589_cycle_1",1
"2073","virus_comp_4604_cycle_1",1
"2074","virus_comp_4605_cycle_1",1
"2075","virus_comp_4606_cycle_1",1
"2076","virus_comp_4607_cycle_1",1
"2077","virus_comp_4623_cycle_1",1
"2078","virus_comp_465_cycle_1",1
"2079","virus_comp_4654_cycle_1",1
"2080","virus_comp_4657_cycle_1",1
"2081","virus_comp_4671_cycle_1",1
"2082","virus_comp_4692_cycle_1",1
"2083","virus_comp_4694_cycle_1",1
"2084","virus_comp_470_cycle_1",1
"2085","virus_comp_4712_cycle_1",1
"2086","virus_comp_473_cycle_1",1
"2087","virus_comp_4750_cycle_1",1
"2088","virus_comp_476_cycle_1",1
"2089","virus_comp_4767_cycle_1",1
"2090","virus_comp_4770_cycle_1",1
"2091","virus_comp_4775_cycle_1",1
"2092","virus_comp_4777_cycle_1",1
"2093","virus_comp_4782_cycle_1",1
"2094","virus_comp_4836_cycle_1",1
"2095","virus_comp_4842_cycle_1",1
"2096","virus_comp_4861_cycle_1",1
"2097","virus_comp_4863_cycle_1",1
"2098","virus_comp_4865_cycle_1",1
"2099","virus_comp_4866_cycle_1",1
"2100","virus_comp_488_cycle_1",1
"2101","virus_comp_490_cycle_1",1
"2102","virus_comp_492_cycle_1",1
"2103","virus_comp_4924_cycle_1",1
"2104","virus_comp_4925_cycle_1",1
"2105","virus_comp_4930_cycle_1",1
"2106","virus_comp_4934_cycle_1",1
"2107","virus_comp_4949_cycle_1",1
"2108","virus_comp_4952_cycle_1",1
"2109","virus_comp_4963_cycle_1",1
"2110","virus_comp_497_cycle_1",1
"2111","virus_comp_4975_cycle_1",1
"2112","virus_comp_4987_cycle_1",1
"2113","virus_comp_4988_cycle_1",1
"2114","virus_comp_5000_cycle_1",1
"2115","virus_comp_5009_cycle_1",1
"2116","virus_comp_501_cycle_1",1
"2117","virus_comp_5021_cycle_1",1
"2118","virus_comp_5023_cycle_1",1
"2119","virus_comp_5032_cycle_1",1
"2120","virus_comp_5048_cycle_1",1
"2121","virus_comp_505_cycle_1",1
"2122","virus_comp_506_cycle_1",1
"2123","virus_comp_5061_cycle_1",1
"2124","virus_comp_5067_cycle_1",1
"2125","virus_comp_5079_cycle_1",1
"2126","virus_comp_5090_cycle_1",1
"2127","virus_comp_5120_cycle_1",1
"2128","virus_comp_5136_cycle_1",1
"2129","virus_comp_5137_cycle_1",1
"2130","virus_comp_514_cycle_1",1
"2131","virus_comp_5140_cycle_1",1
"2132","virus_comp_5146_cycle_1",1
"2133","virus_comp_515_cycle_1",1
"2134","virus_comp_5162_cycle_1",1
"2135","virus_comp_5165_cycle_1",1
"2136","virus_comp_5175_cycle_1",1
"2137","virus_comp_5176_cycle_1",1
"2138","virus_comp_518_cycle_1",1
"2139","virus_comp_5181_cycle_1",1
"2140","virus_comp_5188_cycle_1",1
"2141","virus_comp_5206_cycle_1",1
"2142","virus_comp_5207_cycle_1",1
"2143","virus_comp_5234_cycle_1",1
"2144","virus_comp_5247_cycle_1",1
"2145","virus_comp_5250_cycle_1",1
"2146","virus_comp_5261_cycle_1",1
"2147","virus_comp_5273_cycle_1",1
"2148","virus_comp_5280_cycle_1",1
"2149","virus_comp_5282_cycle_1",1
"2150","virus_comp_5285_cycle_1",1
"2151","virus_comp_5286_cycle_1",1
"2152","virus_comp_5292_cycle_1",1
"2153","virus_comp_5295_cycle_1",1
"2154","virus_comp_5297_cycle_1",1
"2155","virus_comp_5301_cycle_1",1
"2156","virus_comp_5302_cycle_1",1
"2157","virus_comp_531_cycle_1",1
"2158","virus_comp_5319_cycle_1",1
"2159","virus_comp_532_cycle_1",1
"2160","virus_comp_5345_cycle_1",1
"2161","virus_comp_5352_cycle_1",1
"2162","virus_comp_536_cycle_1",1
"2163","virus_comp_5361_cycle_1",1
"2164","virus_comp_5365_cycle_1",1
"2165","virus_comp_5366_cycle_1",1
"2166","virus_comp_5369_cycle_1",1
"2167","virus_comp_5371_cycle_1",1
"2168","virus_comp_5374_cycle_1",1
"2169","virus_comp_5375_cycle_1",1
"2170","virus_comp_5381_cycle_1",1
"2171","virus_comp_539_cycle_1",1
"2172","virus_comp_5391_cycle_1",1
"2173","virus_comp_544_cycle_1",1
"2174","virus_comp_545_cycle_1",1
"2175","virus_comp_5450_cycle_1",1
"2176","virus_comp_5455_cycle_1",1
"2177","virus_comp_5458_cycle_1",1
"2178","virus_comp_5480_cycle_1",1
"2179","virus_comp_5517_cycle_1",1
"2180","virus_comp_5522_cycle_1",1
"2181","virus_comp_5526_cycle_1",1
"2182","virus_comp_5530_cycle_1",1
"2183","virus_comp_5534_cycle_1",1
"2184","virus_comp_5538_cycle_1",1
"2185","virus_comp_5542_cycle_1",1
"2186","virus_comp_5546_cycle_1",1
"2187","virus_comp_5556_cycle_1",1
"2188","virus_comp_5562_cycle_1",1
"2189","virus_comp_5565_cycle_1",1
"2190","virus_comp_5569_cycle_1",1
"2191","virus_comp_5596_cycle_1",1
"2192","virus_comp_5607_cycle_1",1
"2193","virus_comp_5619_cycle_1",1
"2194","virus_comp_5639_cycle_1",1
"2195","virus_comp_5651_cycle_1",1
"2196","virus_comp_5659_cycle_1",1
"2197","virus_comp_5688_cycle_1",1
"2198","virus_comp_569_cycle_1",1
"2199","virus_comp_5690_cycle_1",1
"2200","virus_comp_5695_cycle_1",1
"2201","virus_comp_5697_cycle_1",1
"2202","virus_comp_5699_cycle_1",1
"2203","virus_comp_570_cycle_1",1
"2204","virus_comp_5720_cycle_1",1
"2205","virus_comp_5723_cycle_1",1
"2206","virus_comp_5731_cycle_1",1
"2207","virus_comp_5746_cycle_1",1
"2208","virus_comp_5749_cycle_1",1
"2209","virus_comp_5754_cycle_1",1
"2210","virus_comp_5755_cycle_1",1
"2211","virus_comp_5770_cycle_1",1
"2212","virus_comp_578_cycle_1",1
"2213","virus_comp_5794_cycle_1",1
"2214","virus_comp_5798_cycle_1",1
"2215","virus_comp_5799_cycle_1",1
"2216","virus_comp_582_cycle_1",1
"2217","virus_comp_5835_cycle_1",1
"2218","virus_comp_5843_cycle_1",1
"2219","virus_comp_5847_cycle_1",1
"2220","virus_comp_586_cycle_1",1
"2221","virus_comp_5872_cycle_1",1
"2222","virus_comp_5876_cycle_1",1
"2223","virus_comp_5878_cycle_1",1
"2224","virus_comp_5879_cycle_1",1
"2225","virus_comp_5882_cycle_1",1
"2226","virus_comp_5888_cycle_1",1
"2227","virus_comp_5893_cycle_1",1
"2228","virus_comp_590_cycle_1",1
"2229","virus_comp_5914_cycle_1",1
"2230","virus_comp_5920_cycle_1",1
"2231","virus_comp_5929_cycle_1",1
"2232","virus_comp_5939_cycle_1",1
"2233","virus_comp_5949_cycle_1",1
"2234","virus_comp_5968_cycle_1",1
"2235","virus_comp_599_cycle_1",1
"2236","virus_comp_6_cycle_1",1
"2237","virus_comp_600_cycle_1",1
"2238","virus_comp_6003_cycle_1",1
"2239","virus_comp_601_cycle_1",1
"2240","virus_comp_6013_cycle_1",1
"2241","virus_comp_6019_cycle_1",1
"2242","virus_comp_6024_cycle_1",1
"2243","virus_comp_6035_cycle_1",1
"2244","virus_comp_604_cycle_1",1
"2245","virus_comp_6050_cycle_1",1
"2246","virus_comp_6063_cycle_1",1
"2247","virus_comp_6069_cycle_1",1
"2248","virus_comp_607_cycle_1",1
"2249","virus_comp_6098_cycle_1",1
"2250","virus_comp_6099_cycle_1",1
"2251","virus_comp_610_cycle_1",1
"2252","virus_comp_6110_cycle_1",1
"2253","virus_comp_6145_cycle_1",1
"2254","virus_comp_6149_cycle_1",1
"2255","virus_comp_6192_cycle_1",1
"2256","virus_comp_6200_cycle_1",1
"2257","virus_comp_6207_cycle_1",1
"2258","virus_comp_6232_cycle_1",1
"2259","virus_comp_6245_cycle_1",1
"2260","virus_comp_625_cycle_1",1
"2261","virus_comp_6257_cycle_1",1
"2262","virus_comp_6259_cycle_1",1
"2263","virus_comp_6287_cycle_1",1
"2264","virus_comp_63_cycle_1",1
"2265","virus_comp_6308_cycle_1",1
"2266","virus_comp_6314_cycle_1",1
"2267","virus_comp_6329_cycle_1",1
"2268","virus_comp_6332_cycle_1",1
"2269","virus_comp_6337_cycle_1",1
"2270","virus_comp_6355_cycle_1",1
"2271","virus_comp_636_cycle_1",1
"2272","virus_comp_6360_cycle_1",1
"2273","virus_comp_6371_cycle_1",1
"2274","virus_comp_6390_cycle_1",1
"2275","virus_comp_6398_cycle_1",1
"2276","virus_comp_6402_cycle_1",1
"2277","virus_comp_641_cycle_1",1
"2278","virus_comp_6418_cycle_1",1
"2279","virus_comp_6428_cycle_1",1
"2280","virus_comp_6432_cycle_1",1
"2281","virus_comp_6436_cycle_1",1
"2282","virus_comp_6437_cycle_1",1
"2283","virus_comp_6446_cycle_1",1
"2284","virus_comp_6464_cycle_1",1
"2285","virus_comp_6479_cycle_1",1
"2286","virus_comp_648_cycle_1",1
"2287","virus_comp_649_cycle_1",1
"2288","virus_comp_6504_cycle_1",1
"2289","virus_comp_6507_cycle_1",1
"2290","virus_comp_6511_cycle_1",1
"2291","virus_comp_6521_cycle_1",1
"2292","virus_comp_6525_cycle_1",1
"2293","virus_comp_653_cycle_1",1
"2294","virus_comp_6540_cycle_1",1
"2295","virus_comp_655_cycle_1",1
"2296","virus_comp_657_cycle_1",1
"2297","virus_comp_6584_cycle_1",1
"2298","virus_comp_6592_cycle_1",1
"2299","virus_comp_6604_cycle_1",1
"2300","virus_comp_6608_cycle_1",1
"2301","virus_comp_6609_cycle_1",1
"2302","virus_comp_6611_cycle_1",1
"2303","virus_comp_6626_cycle_1",1
"2304","virus_comp_663_cycle_1",1
"2305","virus_comp_6639_cycle_1",1
"2306","virus_comp_6648_cycle_1",1
"2307","virus_comp_6656_cycle_1",1
"2308","virus_comp_6666_cycle_1",1
"2309","virus_comp_6670_cycle_1",1
"2310","virus_comp_6675_cycle_1",1
"2311","virus_comp_6701_cycle_1",1
"2312","virus_comp_6708_cycle_1",1
"2313","virus_comp_6736_cycle_1",1
"2314","virus_comp_6758_cycle_1",1
"2315","virus_comp_6760_cycle_1",1
"2316","virus_comp_6766_cycle_1",1
"2317","virus_comp_6774_cycle_1",1
"2318","virus_comp_6785_cycle_1",1
"2319","virus_comp_6800_cycle_1",1
"2320","virus_comp_6820_cycle_1",1
"2321","virus_comp_6833_cycle_1",1
"2322","virus_comp_685_cycle_1",1
"2323","virus_comp_686_cycle_1",1
"2324","virus_comp_6866_cycle_1",1
"2325","virus_comp_6867_cycle_1",1
"2326","virus_comp_6870_cycle_1",1
"2327","virus_comp_688_cycle_1",1
"2328","virus_comp_6886_cycle_1",1
"2329","virus_comp_6889_cycle_1",1
"2330","virus_comp_689_cycle_1",1
"2331","virus_comp_6901_cycle_1",1
"2332","virus_comp_6903_cycle_1",1
"2333","virus_comp_691_cycle_1",1
"2334","virus_comp_694_cycle_1",1
"2335","virus_comp_6940_cycle_1",1
"2336","virus_comp_6956_cycle_1",1
"2337","virus_comp_6981_cycle_1",1
"2338","virus_comp_6990_cycle_1",1
"2339","virus_comp_6999_cycle_1",1
"2340","virus_comp_7004_cycle_1",1
"2341","virus_comp_703_cycle_1",1
"2342","virus_comp_704_cycle_1",1
"2343","virus_comp_7040_cycle_1",1
"2344","virus_comp_7065_cycle_1",1
"2345","virus_comp_7069_cycle_1",1
"2346","virus_comp_7103_cycle_1",1
"2347","virus_comp_7119_cycle_1",1
"2348","virus_comp_7125_cycle_1",1
"2349","virus_comp_7142_cycle_1",1
"2350","virus_comp_7158_cycle_1",1
"2351","virus_comp_7168_cycle_1",1
"2352","virus_comp_717_cycle_1",1
"2353","virus_comp_7172_cycle_1",1
"2354","virus_comp_7178_cycle_1",1
"2355","virus_comp_7192_cycle_1",1
"2356","virus_comp_7201_cycle_1",1
"2357","virus_comp_7211_cycle_1",1
"2358","virus_comp_723_cycle_1",1
"2359","virus_comp_7238_cycle_1",1
"2360","virus_comp_724_cycle_1",1
"2361","virus_comp_7242_cycle_1",1
"2362","virus_comp_7245_cycle_1",1
"2363","virus_comp_7304_cycle_1",1
"2364","virus_comp_7306_cycle_1",1
"2365","virus_comp_7329_cycle_1",1
"2366","virus_comp_7330_cycle_1",1
"2367","virus_comp_7347_cycle_1",1
"2368","virus_comp_738_cycle_1",1
"2369","virus_comp_7388_cycle_1",1
"2370","virus_comp_739_cycle_1",1
"2371","virus_comp_7394_cycle_1",1
"2372","virus_comp_7412_cycle_1",1
"2373","virus_comp_7413_cycle_1",1
"2374","virus_comp_7447_cycle_1",1
"2375","virus_comp_7458_cycle_1",1
"2376","virus_comp_7466_cycle_1",1
"2377","virus_comp_7468_cycle_1",1
"2378","virus_comp_7477_cycle_1",1
"2379","virus_comp_7493_cycle_1",1
"2380","virus_comp_7498_cycle_1",1
"2381","virus_comp_7502_cycle_1",1
"2382","virus_comp_7506_cycle_1",1
"2383","virus_comp_7520_cycle_1",1
"2384","virus_comp_753_cycle_1",1
"2385","virus_comp_7553_cycle_1",1
"2386","virus_comp_7557_cycle_1",1
"2387","virus_comp_7565_cycle_1",1
"2388","virus_comp_7592_cycle_1",1
"2389","virus_comp_7593_cycle_1",1
"2390","virus_comp_76_cycle_1",1
"2391","virus_comp_7606_cycle_1",1
"2392","virus_comp_7624_cycle_1",1
"2393","virus_comp_7632_cycle_1",1
"2394","virus_comp_7633_cycle_1",1
"2395","virus_comp_7650_cycle_1",1
"2396","virus_comp_7656_cycle_1",1
"2397","virus_comp_7657_cycle_1",1
"2398","virus_comp_7663_cycle_1",1
"2399","virus_comp_7678_cycle_1",1
"2400","virus_comp_7695_cycle_1",1
"2401","virus_comp_770_cycle_1",1
"2402","virus_comp_7701_cycle_1",1
"2403","virus_comp_7705_cycle_1",1
"2404","virus_comp_7711_cycle_1",1
"2405","virus_comp_7712_cycle_1",1
"2406","virus_comp_7739_cycle_1",1
"2407","virus_comp_7748_cycle_1",1
"2408","virus_comp_775_cycle_1",1
"2409","virus_comp_7775_cycle_1",1
"2410","virus_comp_778_cycle_1",1
"2411","virus_comp_7780_cycle_1",1
"2412","virus_comp_7806_cycle_1",1
"2413","virus_comp_782_cycle_1",1
"2414","virus_comp_7823_cycle_1",1
"2415","virus_comp_783_cycle_1",1
"2416","virus_comp_7830_cycle_1",1
"2417","virus_comp_7831_cycle_1",1
"2418","virus_comp_784_cycle_1",1
"2419","virus_comp_7843_cycle_1",1
"2420","virus_comp_7846_cycle_1",1
"2421","virus_comp_7856_cycle_1",1
"2422","virus_comp_7857_cycle_1",1
"2423","virus_comp_786_cycle_1",1
"2424","virus_comp_7877_cycle_1",1
"2425","virus_comp_7885_cycle_1",1
"2426","virus_comp_7898_cycle_1",1
"2427","virus_comp_790_cycle_1",1
"2428","virus_comp_7907_cycle_1",1
"2429","virus_comp_7916_cycle_1",1
"2430","virus_comp_7921_cycle_1",1
"2431","virus_comp_7922_cycle_1",1
"2432","virus_comp_7928_cycle_1",1
"2433","virus_comp_7941_cycle_1",1
"2434","virus_comp_7944_cycle_1",1
"2435","virus_comp_7945_cycle_1",1
"2436","virus_comp_7947_cycle_1",1
"2437","virus_comp_7959_cycle_1",1
"2438","virus_comp_7965_cycle_1",1
"2439","virus_comp_797_cycle_1",1
"2440","virus_comp_7985_cycle_1",1
"2441","virus_comp_7988_cycle_1",1
"2442","virus_comp_799_cycle_1",1
"2443","virus_comp_8000_cycle_1",1
"2444","virus_comp_8004_cycle_1",1
"2445","virus_comp_8014_cycle_1",1
"2446","virus_comp_8031_cycle_1",1
"2447","virus_comp_8039_cycle_1",1
"2448","virus_comp_8049_cycle_1",1
"2449","virus_comp_8053_cycle_1",1
"2450","virus_comp_808_cycle_1",1
"2451","virus_comp_809_cycle_1",1
"2452","virus_comp_8109_cycle_1",1
"2453","virus_comp_8111_cycle_1",1
"2454","virus_comp_8136_cycle_1",1
"2455","virus_comp_8141_cycle_1",1
"2456","virus_comp_8153_cycle_1",1
"2457","virus_comp_8155_cycle_1",1
"2458","virus_comp_8175_cycle_1",1
"2459","virus_comp_8180_cycle_1",1
"2460","virus_comp_8182_cycle_1",1
"2461","virus_comp_8184_cycle_1",1
"2462","virus_comp_82_cycle_1",1
"2463","virus_comp_820_cycle_1",1
"2464","virus_comp_8203_cycle_1",1
"2465","virus_comp_8208_cycle_1",1
"2466","virus_comp_8210_cycle_1",1
"2467","virus_comp_8223_cycle_1",1
"2468","virus_comp_8226_cycle_1",1
"2469","virus_comp_8236_cycle_1",1
"2470","virus_comp_8253_cycle_1",1
"2471","virus_comp_826_cycle_1",1
"2472","virus_comp_8265_cycle_1",1
"2473","virus_comp_828_cycle_1",1
"2474","virus_comp_8297_cycle_1",1
"2475","virus_comp_8299_cycle_1",1
"2476","virus_comp_8309_cycle_1",1
"2477","virus_comp_833_cycle_1",1
"2478","virus_comp_8336_cycle_1",1
"2479","virus_comp_8349_cycle_1",1
"2480","virus_comp_835_cycle_1",1
"2481","virus_comp_8350_cycle_1",1
"2482","virus_comp_8352_cycle_1",1
"2483","virus_comp_8359_cycle_1",1
"2484","virus_comp_836_cycle_1",1
"2485","virus_comp_8363_cycle_1",1
"2486","virus_comp_838_cycle_1",1
"2487","virus_comp_8392_cycle_1",1
"2488","virus_comp_8399_cycle_1",1
"2489","virus_comp_8433_cycle_1",1
"2490","virus_comp_8436_cycle_1",1
"2491","virus_comp_846_cycle_1",1
"2492","virus_comp_8475_cycle_1",1
"2493","virus_comp_848_cycle_1",1
"2494","virus_comp_8491_cycle_1",1
"2495","virus_comp_8495_cycle_1",1
"2496","virus_comp_8502_cycle_1",1
"2497","virus_comp_8513_cycle_1",1
"2498","virus_comp_852_cycle_1",1
"2499","virus_comp_8542_cycle_1",1
"2500","virus_comp_8543_cycle_1",1
"2501","virus_comp_8564_cycle_1",1
"2502","virus_comp_8565_cycle_1",1
"2503","virus_comp_857_cycle_1",1
"2504","virus_comp_8572_cycle_1",1
"2505","virus_comp_858_cycle_1",1
"2506","virus_comp_8595_cycle_1",1
"2507","virus_comp_8598_cycle_1",1
"2508","virus_comp_8599_cycle_1",1
"2509","virus_comp_86_cycle_1",1
"2510","virus_comp_8614_cycle_1",1
"2511","virus_comp_8663_cycle_1",1
"2512","virus_comp_8664_cycle_1",1
"2513","virus_comp_8667_cycle_1",1
"2514","virus_comp_8673_cycle_1",1
"2515","virus_comp_870_cycle_1",1
"2516","virus_comp_871_cycle_1",1
"2517","virus_comp_8717_cycle_1",1
"2518","virus_comp_8728_cycle_1",1
"2519","virus_comp_8737_cycle_1",1
"2520","virus_comp_8744_cycle_1",1
"2521","virus_comp_8775_cycle_1",1
"2522","virus_comp_8779_cycle_1",1
"2523","virus_comp_8780_cycle_1",1
"2524","virus_comp_88_cycle_1",1
"2525","virus_comp_8811_cycle_1",1
"2526","virus_comp_8826_cycle_1",1
"2527","virus_comp_8852_cycle_1",1
"2528","virus_comp_886_cycle_1",1
"2529","virus_comp_8860_cycle_1",1
"2530","virus_comp_8862_cycle_1",1
"2531","virus_comp_8864_cycle_1",1
"2532","virus_comp_887_cycle_1",1
"2533","virus_comp_8912_cycle_1",1
"2534","virus_comp_893_cycle_1",1
"2535","virus_comp_8934_cycle_1",1
"2536","virus_comp_895_cycle_1",1
"2537","virus_comp_8965_cycle_1",1
"2538","virus_comp_897_cycle_1",1
"2539","virus_comp_898_cycle_1",1
"2540","virus_comp_901_cycle_1",1
"2541","virus_comp_9015_cycle_1",1
"2542","virus_comp_902_cycle_1",1
"2543","virus_comp_9021_cycle_1",1
"2544","virus_comp_9026_cycle_1",1
"2545","virus_comp_903_cycle_1",1
"2546","virus_comp_9035_cycle_1",1
"2547","virus_comp_9042_cycle_1",1
"2548","virus_comp_9057_cycle_1",1
"2549","virus_comp_9061_cycle_1",1
"2550","virus_comp_9074_cycle_1",1
"2551","virus_comp_908_cycle_1",1
"2552","virus_comp_9087_cycle_1",1
"2553","virus_comp_9157_cycle_1",1
"2554","virus_comp_9161_cycle_1",1
"2555","virus_comp_9162_cycle_1",1
"2556","virus_comp_9164_cycle_1",1
"2557","virus_comp_9175_cycle_1",1
"2558","virus_comp_9177_cycle_1",1
"2559","virus_comp_9185_cycle_1",1
"2560","virus_comp_921_cycle_1",1
"2561","virus_comp_922_cycle_1",1
"2562","virus_comp_924_cycle_1",1
"2563","virus_comp_9243_cycle_1",1
"2564","virus_comp_9253_cycle_1",1
"2565","virus_comp_9273_cycle_1",1
"2566","virus_comp_928_cycle_1",1
"2567","virus_comp_9288_cycle_1",1
"2568","virus_comp_9308_cycle_1",1
"2569","virus_comp_9330_cycle_1",1
"2570","virus_comp_9332_cycle_1",1
"2571","virus_comp_9338_cycle_1",1
"2572","virus_comp_9344_cycle_1",1
"2573","virus_comp_9349_cycle_1",1
"2574","virus_comp_9365_cycle_1",1
"2575","virus_comp_9371_cycle_1",1
"2576","virus_comp_9373_cycle_1",1
"2577","virus_comp_9376_cycle_1",1
"2578","virus_comp_9378_cycle_1",1
"2579","virus_comp_9387_cycle_1",1
"2580","virus_comp_9390_cycle_1",1
"2581","virus_comp_9394_cycle_1",1
"2582","virus_comp_9414_cycle_1",1
"2583","virus_comp_942_cycle_1",1
"2584","virus_comp_9426_cycle_1",1
"2585","virus_comp_9432_cycle_1",1
"2586","virus_comp_9433_cycle_1",1
"2587","virus_comp_9435_cycle_1",1
"2588","virus_comp_9449_cycle_1",1
"2589","virus_comp_9455_cycle_1",1
"2590","virus_comp_9457_cycle_1",1
"2591","virus_comp_947_cycle_1",1
"2592","virus_comp_949_cycle_1",1
"2593","virus_comp_950_cycle_1",1
"2594","virus_comp_9500_cycle_1",1
"2595","virus_comp_9512_cycle_1",1
"2596","virus_comp_9529_cycle_1",1
"2597","virus_comp_953_cycle_1",1
"2598","virus_comp_9530_cycle_1",1
"2599","virus_comp_9532_cycle_1",1
"2600","virus_comp_9534_cycle_1",1
"2601","virus_comp_9537_cycle_1",1
"2602","virus_comp_9539_cycle_1",1
"2603","virus_comp_9554_cycle_1",1
"2604","virus_comp_9567_cycle_1",1
"2605","virus_comp_9576_cycle_1",1
"2606","virus_comp_9578_cycle_1",1
"2607","virus_comp_9584_cycle_1",1
"2608","virus_comp_960_cycle_1",1
"2609","virus_comp_9605_cycle_1",1
"2610","virus_comp_961_cycle_1",1
"2611","virus_comp_9619_cycle_1",1
"2612","virus_comp_9633_cycle_1",1
"2613","virus_comp_9643_cycle_1",1
"2614","virus_comp_9650_cycle_1",1
"2615","virus_comp_9656_cycle_1",1
"2616","virus_comp_9657_cycle_1",1
"2617","virus_comp_9663_cycle_1",1
"2618","virus_comp_9670_cycle_1",1
"2619","virus_comp_968_cycle_1",1
"2620","virus_comp_9687_cycle_1",1
"2621","virus_comp_9698_cycle_1",1
"2622","virus_comp_970_cycle_1",1
"2623","virus_comp_9700_cycle_1",1
"2624","virus_comp_9701_cycle_1",1
"2625","virus_comp_971_cycle_1",1
"2626","virus_comp_9714_cycle_1",1
"2627","virus_comp_9716_cycle_1",1
"2628","virus_comp_9728_cycle_1",1
"2629","virus_comp_9740_cycle_1",1
"2630","virus_comp_9759_cycle_1",1
"2631","virus_comp_9761_cycle_1",1
"2632","virus_comp_9786_cycle_1",1
"2633","virus_comp_9805_cycle_1",1
"2634","virus_comp_9808_cycle_1",1
"2635","virus_comp_9813_cycle_1",1
"2636","virus_comp_9837_cycle_1",1
"2637","virus_comp_9853_cycle_1",1
"2638","virus_comp_987_cycle_1",1
"2639","virus_comp_9875_cycle_1",1
"2640","virus_comp_9895_cycle_1",1
"2641","virus_comp_9920_cycle_1",1
"2642","virus_comp_9930_cycle_1",1
"2643","virus_comp_9931_cycle_1",1
"2644","virus_comp_9945_cycle_1",1
"2645","virus_comp_9946_cycle_1",1
"2646","virus_comp_9961_cycle_1",1
"2647","virus_comp_998_cycle_1",1
"2648","virus_comp_9989_cycle_1",1
"2649","edge_1102",1
"2650","edge_1106",1
"2651","edge_1113",1
"2652","edge_1114",1
"2653","edge_1116",1
"2654","edge_1118",1
"2655","edge_1271",1
"2656","edge_1283",1
"2657","edge_1299",1
"2658","edge_1311",1
"2659","edge_1315",1
"2660","edge_1317",1
"2661","edge_1320",1
"2662","edge_1322",1
"2663","edge_1328",1
"2664","edge_1329",1
"2665","edge_1336",1
"2666","edge_1504",1
"2667","edge_1527",1
"2668","edge_1528",1
"2669","edge_1529",1
"2670","edge_1548",1
"2671","edge_1563",1
"2672","edge_1572",1
"2673","edge_1578",1
"2674","edge_1581",1
"2675","edge_1599",1
"2676","edge_1602",1
"2677","edge_1609",1
"2678","edge_1617",1
"2679","edge_1622",1
"2680","edge_1624",1
"2681","edge_1638",1
"2682","edge_1644",1
"2683","edge_1648",1
"2684","edge_1777",1
"2685","edge_1792",1
"2686","edge_1794",1
"2687","edge_1914",1
"2688","edge_1915",1
"2689","edge_1922",1
"2690","edge_1924",1
"2691","edge_1925",1
"2692","edge_1926",1
"2693","edge_1936",1
"2694","edge_1960",1
"2695","edge_1962",1
"2696","edge_1979",1
"2697","edge_2015",1
"2698","edge_2020",1
"2699","edge_2024",1
"2700","edge_2055",1
"2701","edge_2061",1
"2702","edge_2063",1
"2703","edge_2077",1
"2704","edge_2123",1
"2705","edge_2128",1
"2706","edge_2206",1
"2707","edge_2248",1
"2708","edge_2257",1
"2709","edge_2267",1
"2710","edge_2272",1
"2711","edge_2281",1
"2712","edge_2298",1
"2713","edge_2340",1
"2714","edge_236",1
"2715","edge_238",1
"2716","edge_48486",1
"2717","edge_48591",1
"2718","edge_48599",1
"2719","edge_48731",1
"2720","edge_49112",1
"2721","edge_492",1
"2722","edge_574",1
"2723","edge_654",1
"2724","edge_713",1
"2725","edge_714",1
"2726","edge_719",1
"2727","edge_722",1
"2728","edge_727",1
"2729","virus_comp_10088_cycle_1",0
"2730","virus_comp_10325_cycle_1",0
"2731","virus_comp_10385_cycle_1",0
"2732","virus_comp_1042_cycle_1",0
"2733","virus_comp_10590_cycle_1",0
"2734","virus_comp_10604_cycle_1",0
"2735","virus_comp_1063_cycle_1",0
"2736","virus_comp_1064_cycle_1",0
"2737","virus_comp_1068_cycle_1",0
"2738","virus_comp_10771_cycle_1",0
"2739","virus_comp_1131_cycle_1",0
"2740","virus_comp_1132_cycle_1",0
"2741","virus_comp_11412_cycle_1",0
"2742","virus_comp_11469_cycle_1",0
"2743","virus_comp_1175_cycle_1",0
"2744","virus_comp_11879_cycle_1",0
"2745","virus_comp_1190_cycle_1",0
"2746","virus_comp_11955_cycle_1",0
"2747","virus_comp_12091_cycle_1",0
"2748","virus_comp_1210_cycle_1",0
"2749","virus_comp_12108_cycle_1",0
"2750","virus_comp_12162_cycle_1",0
"2751","virus_comp_1230_cycle_1",0
"2752","virus_comp_12422_cycle_1",0
"2753","virus_comp_1256_cycle_1",0
"2754","virus_comp_1268_cycle_1",0
"2755","virus_comp_1269_cycle_1",0
"2756","virus_comp_13057_cycle_1",0
"2757","virus_comp_13098_cycle_1",0
"2758","virus_comp_13224_cycle_1",0
"2759","virus_comp_13236_cycle_1",0
"2760","virus_comp_13416_cycle_1",0
"2761","virus_comp_13665_cycle_1",0
"2762","virus_comp_1367_cycle_1",0
"2763","virus_comp_13702_cycle_1",0
"2764","virus_comp_13710_cycle_1",0
"2765","virus_comp_14016_cycle_1",0
"2766","virus_comp_14096_cycle_1",0
"2767","virus_comp_14138_cycle_1",0
"2768","virus_comp_14209_cycle_1",0
"2769","virus_comp_14277_cycle_1",0
"2770","virus_comp_1430_cycle_1",0
"2771","virus_comp_14376_cycle_1",0
"2772","virus_comp_14649_cycle_1",0
"2773","virus_comp_1469_cycle_1",0
"2774","virus_comp_1477_cycle_1",0
"2775","virus_comp_1498_cycle_1",0
"2776","virus_comp_15050_cycle_1",0
"2777","virus_comp_1517_cycle_1",0
"2778","virus_comp_15342_cycle_1",0
"2779","virus_comp_1550_cycle_1",0
"2780","virus_comp_15742_cycle_1",0
"2781","virus_comp_1581_cycle_1",0
"2782","virus_comp_1588_cycle_1",0
"2783","virus_comp_15935_cycle_1",0
"2784","virus_comp_15960_cycle_1",0
"2785","virus_comp_16048_cycle_1",0
"2786","virus_comp_16276_cycle_1",0
"2787","virus_comp_16361_cycle_1",0
"2788","virus_comp_16475_cycle_1",0
"2789","virus_comp_16494_cycle_1",0
"2790","virus_comp_1657_cycle_1",0
"2791","virus_comp_16761_cycle_1",0
"2792","virus_comp_16862_cycle_1",0
"2793","virus_comp_16876_cycle_1",0
"2794","virus_comp_16965_cycle_1",0
"2795","virus_comp_17024_cycle_1",0
"2796","virus_comp_17047_cycle_1",0
"2797","virus_comp_17113_cycle_1",0
"2798","virus_comp_17192_cycle_1",0
"2799","virus_comp_17440_cycle_1",0
"2800","virus_comp_17494_cycle_1",0
"2801","virus_comp_17596_cycle_1",0
"2802","virus_comp_17642_cycle_1",0
"2803","virus_comp_17775_cycle_1",0
"2804","virus_comp_1783_cycle_1",0
"2805","virus_comp_1879_cycle_1",0
"2806","virus_comp_1898_cycle_1",0
"2807","virus_comp_2138_cycle_1",0
"2808","virus_comp_2232_cycle_1",0
"2809","virus_comp_2486_cycle_1",0
"2810","virus_comp_2502_cycle_1",0
"2811","virus_comp_2592_cycle_1",0
"2812","virus_comp_2615_cycle_1",0
"2813","virus_comp_2658_cycle_1",0
"2814","virus_comp_2699_cycle_1",0
"2815","virus_comp_2765_cycle_1",0
"2816","virus_comp_295_cycle_1",0
"2817","virus_comp_3011_cycle_1",0
"2818","virus_comp_3021_cycle_1",0
"2819","virus_comp_3116_cycle_1",0
"2820","virus_comp_3315_cycle_1",0
"2821","virus_comp_3345_cycle_1",0
"2822","virus_comp_3360_cycle_1",0
"2823","virus_comp_3391_cycle_1",0
"2824","virus_comp_3558_cycle_1",0
"2825","virus_comp_3592_cycle_1",0
"2826","virus_comp_3610_cycle_1",0
"2827","virus_comp_3663_cycle_1",0
"2828","virus_comp_3817_cycle_1",0
"2829","virus_comp_3895_cycle_1",0
"2830","virus_comp_3981_cycle_1",0
"2831","virus_comp_4226_cycle_1",0
"2832","virus_comp_4232_cycle_1",0
"2833","virus_comp_4234_cycle_1",0
"2834","virus_comp_4563_cycle_1",0
"2835","virus_comp_4910_cycle_1",0
"2836","virus_comp_4918_cycle_1",0
"2837","virus_comp_5036_cycle_1",0
"2838","virus_comp_5088_cycle_1",0
"2839","virus_comp_5125_cycle_1",0
"2840","virus_comp_5130_cycle_1",0
"2841","virus_comp_5341_cycle_1",0
"2842","virus_comp_5412_cycle_1",0
"2843","virus_comp_5477_cycle_1",0
"2844","virus_comp_5656_cycle_1",0
"2845","virus_comp_5687_cycle_1",0
"2846","virus_comp_5696_cycle_1",0
"2847","virus_comp_577_cycle_1",0
"2848","virus_comp_5895_cycle_1",0
"2849","virus_comp_5922_cycle_1",0
"2850","virus_comp_6037_cycle_1",0
"2851","virus_comp_6311_cycle_1",0
"2852","virus_comp_6370_cycle_1",0
"2853","virus_comp_642_cycle_1",0
"2854","virus_comp_644_cycle_1",0
"2855","virus_comp_645_cycle_1",0
"2856","virus_comp_6610_cycle_1",0
"2857","virus_comp_6613_cycle_1",0
"2858","virus_comp_6665_cycle_1",0
"2859","virus_comp_672_cycle_1",0
"2860","virus_comp_6759_cycle_1",0
"2861","virus_comp_6803_cycle_1",0
"2862","virus_comp_6813_cycle_1",0
"2863","virus_comp_6828_cycle_1",0
"2864","virus_comp_7152_cycle_1",0
"2865","virus_comp_722_cycle_1",0
"2866","virus_comp_7263_cycle_1",0
"2867","virus_comp_7360_cycle_1",0
"2868","virus_comp_7428_cycle_1",0
"2869","virus_comp_7452_cycle_1",0
"2870","virus_comp_7534_cycle_1",0
"2871","virus_comp_761_cycle_1",0
"2872","virus_comp_7762_cycle_1",0
"2873","virus_comp_7795_cycle_1",0
"2874","virus_comp_7977_cycle_1",0
"2875","virus_comp_8018_cycle_1",0
"2876","virus_comp_807_cycle_1",0
"2877","virus_comp_8088_cycle_1",0
"2878","virus_comp_8146_cycle_1",0
"2879","virus_comp_853_cycle_1",0
"2880","virus_comp_854_cycle_1",0
"2881","virus_comp_8685_cycle_1",0
"2882","virus_comp_8749_cycle_1",0
"2883","virus_comp_8766_cycle_1",0
"2884","virus_comp_8813_cycle_1",0
"2885","virus_comp_9242_cycle_1",0
"2886","virus_comp_9248_cycle_1",0
"2887","virus_comp_9661_cycle_1",0
"2888","virus_comp_97_cycle_1",0
"2889","virus_comp_9822_cycle_1",0
"2890","virus_comp_9968_cycle_1",0
"2891","virus_comp_9976_cycle_1",0
"2892","edge_1272",0
"2893","edge_1296",0
"2894","edge_1316",0
"2895","edge_1531",0
"2896","edge_1574",0
"2897","edge_1575",0
"2898","edge_1593",0
"2899","edge_1601",0
"2900","edge_1635",0
"2901","edge_1782",0
"2902","edge_48442",0
"2903","edge_48485",0
